Handle,Title,Body (HTML),Vendor,Product Category,Type,Tags,Published,Option1 Name,Option1 Value,Variant SKU,Variant Grams,Variant Inventory Tracker,Variant Inventory Qty,Variant Inventory Policy,Variant Fulfillment Service,Variant Price,Variant Requires Shipping,Variant Taxable,Image Src,Image Position,Image Alt Text,Status
coral-branch-pendant,Coral Branch Pendant,"<p>Teal and red branch pendant.</p>
<p>Handmade, one-of-a-kind resin art by We're Cured!</p>",We're Cured!,,Pendant,"Jewelry, Pendants",FALSE,Title,Default Title,WC-1875,0,shopify,1,deny,manual,,TRUE,TRUE,https://werecured.ca/images/IMG_1875.jpg,1,Teal and red branch pendant,draft
coral-branch-pendant,,,,,,,,,,,,,,,,,,,https://werecured.ca/images/IMG_2067.jpeg,2,Coral branch pendant view 2,
coral-branch-pendant,,,,,,,,,,,,,,,,,,,https://werecured.ca/images/IMG_2217.jpeg,3,Coral branch pendant view 3,
coral-branch-pendant,,,,,,,,,,,,,,,,,,,https://werecured.ca/images/IMG_2218.jpeg,4,Coral branch pendant view 4,
coral-branch-pendant,,,,,,,,,,,,,,,,,,,https://werecured.ca/images/IMG_2219.jpeg,5,Coral branch pendant view 5,
ethereal-being-pendant,Ethereal Being Pendant,"<p>Dark green iridescent pendant.</p>
<p>Handmade, one-of-a-kind resin art by We're Cured!</p>",We're Cured!,,Pendant,"Jewelry, Pendants",FALSE,Title,Default Title,WC-1876,0,shopify,1,deny,manual,,TRUE,TRUE,https://werecured.ca/images/IMG_1876.jpg,1,Dark green iridescent pendant,draft
ethereal-being-pendant,,,,,,,,,,,,,,,,,,,https://werecured.ca/images/IMG_2068.jpeg,2,Ethereal being pendant view 2,
ethereal-being-pendant,,,,,,,,,,,,,,,,,,,https://werecured.ca/images/IMG_2224.jpeg,3,Ethereal being pendant view 3,
teal-moon-pendant,Teal Moon Pendant,"<p>Teal glitter circle pendant.</p>
<p>Handmade, one-of-a-kind resin art by We're Cured!</p>",We're Cured!,,Pendant,"Jewelry, Pendants",FALSE,Title,Default Title,WC-1877,0,shopify,1,deny,manual,,TRUE,TRUE,https://werecured.ca/images/IMG_1877.jpg,1,Teal glitter circle pendant,draft
teal-moon-pendant,,,,,,,,,,,,,,,,,,,https://werecured.ca/images/IMG_2069.jpeg,2,Teal moon pendant view 2,
teal-moon-pendant,,,,,,,,,,,,,,,,,,,https://werecured.ca/images/IMG_2070.jpeg,3,Teal moon pendant view 3,
teal-moon-pendant,,,,,,,,,,,,,,,,,,,https://werecured.ca/images/IMG_2228.jpeg,4,Teal moon pendant view 4,
teal-moon-pendant,,,,,,,,,,,,,,,,,,,https://werecured.ca/images/IMG_2229.jpeg,5,Teal moon pendant view 5,
teal-moon-pendant,,,,,,,,,,,,,,,,,,,https://werecured.ca/images/IMG_2230.jpeg,6,Teal moon pendant view 6,
opal-dream-pendant,Opal Dream Pendant,"<p>Opalescent oval pendant.</p>
<p>Handmade, one-of-a-kind resin art by We're Cured!</p>",We're Cured!,,Pendant,"Jewelry, Pendants",FALSE,Title,Default Title,WC-1878,0,shopify,1,deny,manual,,TRUE,TRUE,https://werecured.ca/images/IMG_1878.jpg,1,Opalescent oval pendant,draft
opal-dream-pendant,,,,,,,,,,,,,,,,,,,https://werecured.ca/images/IMG_2072.jpeg,2,Opal dream pendant view 2,
opal-dream-pendant,,,,,,,,,,,,,,,,,,,https://werecured.ca/images/IMG_2073.jpeg,3,Opal dream pendant view 3,
opal-dream-pendant,,,,,,,,,,,,,,,,,,,https://werecured.ca/images/IMG_2074.jpeg,4,Opal dream pendant view 4,
purple-moon-pendant,Purple Moon Pendant,"<p>Purple glitter circle pendant.</p>
<p>Handmade, one-of-a-kind resin art by We're Cured!</p>",We're Cured!,,Pendant,"Jewelry, Pendants",FALSE,Title,Default Title,WC-1879,0,shopify,1,deny,manual,,TRUE,TRUE,https://werecured.ca/images/IMG_1879.jpg,1,Purple glitter circle pendant,draft
purple-moon-pendant,,,,,,,,,,,,,,,,,,,https://werecured.ca/images/IMG_2075.jpeg,2,Purple confetti pendant view 2,
purple-moon-pendant,,,,,,,,,,,,,,,,,,,https://werecured.ca/images/IMG_2076.jpeg,3,Purple confetti pendant view 3,
purple-moon-pendant,,,,,,,,,,,,,,,,,,,https://werecured.ca/images/IMG_2077.jpeg,4,Purple confetti pendant view 4,
purple-moon-pendant,,,,,,,,,,,,,,,,,,,https://werecured.ca/images/IMG_2078.jpeg,5,Purple confetti pendant view 5,
red-heart-pendant,Red Heart Pendant,"<p>Red heart pendant.</p>
<p>Handmade, one-of-a-kind resin art by We're Cured!</p>",We're Cured!,,Pendant,"Jewelry, Pendants",FALSE,Title,Default Title,WC-1881,0,shopify,1,deny,manual,,TRUE,TRUE,https://werecured.ca/images/IMG_1881.jpg,1,Red heart pendant,draft
red-heart-pendant,,,,,,,,,,,,,,,,,,,https://werecured.ca/images/IMG_2083.jpeg,2,Red heart pendant view 2,
red-heart-pendant,,,,,,,,,,,,,,,,,,,https://werecured.ca/images/IMG_2084.jpeg,3,Red heart pendant view 3,
silver-moon-pendant,Silver Moon Pendant,"<p>Silver and black bubble oval pendant.</p>
<p>Handmade, one-of-a-kind resin art by We're Cured!</p>",We're Cured!,,Pendant,"Jewelry, Pendants",FALSE,Title,Default Title,WC-1887,0,shopify,1,deny,manual,,TRUE,TRUE,https://werecured.ca/images/IMG_1887.jpg,1,Silver and black bubble oval pendant,draft
silver-moon-pendant,,,,,,,,,,,,,,,,,,,https://werecured.ca/images/IMG_2085.jpeg,2,Silver bubble pendant view 2,
silver-moon-pendant,,,,,,,,,,,,,,,,,,,https://werecured.ca/images/IMG_2086.jpeg,3,Silver bubble pendant view 3,
silver-moon-pendant,,,,,,,,,,,,,,,,,,,https://werecured.ca/images/IMG_2087.jpeg,4,Silver bubble pendant view 4,
blue-moon-pendant,Blue Moon Pendant,"<p>Blue oval pendant.</p>
<p>Handmade, one-of-a-kind resin art by We're Cured!</p>",We're Cured!,,Pendant,"Jewelry, Pendants",FALSE,Title,Default Title,WC-1899,0,shopify,1,deny,manual,,TRUE,TRUE,https://werecured.ca/images/IMG_1899.jpg,1,Blue oval pendant,draft
blue-moon-pendant,,,,,,,,,,,,,,,,,,,https://werecured.ca/images/IMG_2088.jpeg,2,Ocean blue pendant view 2,
blue-moon-pendant,,,,,,,,,,,,,,,,,,,https://werecured.ca/images/IMG_2089.jpeg,3,Ocean blue pendant view 3,
blue-moon-pendant,,,,,,,,,,,,,,,,,,,https://werecured.ca/images/IMG_2090.jpeg,4,Ocean blue pendant view 4,
blue-moon-pendant,,,,,,,,,,,,,,,,,,,https://werecured.ca/images/IMG_2092.jpeg,5,Ocean blue pendant view 5,
blue-moon-pendant,,,,,,,,,,,,,,,,,,,https://werecured.ca/images/IMG_2093.jpeg,6,Ocean blue pendant view 6,
periwinkle-pendant,Periwinkle Pendant,"<p>Periwinkle circle pendant.</p>
<p>Handmade, one-of-a-kind resin art by We're Cured!</p>",We're Cured!,,Pendant,"Jewelry, Pendants",FALSE,Title,Default Title,WC-1900,0,shopify,1,deny,manual,,TRUE,TRUE,https://werecured.ca/images/IMG_1900.jpg,1,Periwinkle circle pendant,draft
periwinkle-pendant,,,,,,,,,,,,,,,,,,,https://werecured.ca/images/IMG_2094.jpeg,2,Periwinkle pendant view 2,
periwinkle-pendant,,,,,,,,,,,,,,,,,,,https://werecured.ca/images/IMG_2095.jpeg,3,Periwinkle pendant view 3,
periwinkle-pendant,,,,,,,,,,,,,,,,,,,https://werecured.ca/images/IMG_2096.jpeg,4,Periwinkle pendant view 4,
mermaid-oval-pendant,Mermaid Oval Pendant,"<p>Teal iridescent oval pendant.</p>
<p>Handmade, one-of-a-kind resin art by We're Cured!</p>",We're Cured!,,Pendant,"Jewelry, Pendants",FALSE,Title,Default Title,WC-1901,0,shopify,1,deny,manual,,TRUE,TRUE,https://werecured.ca/images/IMG_1901.jpg,1,Teal iridescent oval pendant,draft
mermaid-oval-pendant,,,,,,,,,,,,,,,,,,,https://werecured.ca/images/IMG_2097.jpeg,2,Mermaid oval pendant view 2,
mermaid-oval-pendant,,,,,,,,,,,,,,,,,,,https://werecured.ca/images/IMG_2098.jpeg,3,Mermaid oval pendant view 3,
mermaid-oval-pendant,,,,,,,,,,,,,,,,,,,https://werecured.ca/images/IMG_2099.jpeg,4,Mermaid oval pendant view 4,
pink-rose-heart-pendant,Pink Rose Heart Pendant,"<p>Pink rose heart pendant.</p>
<p>Handmade, one-of-a-kind resin art by We're Cured!</p>",We're Cured!,,Pendant,"Jewelry, Pendants",FALSE,Title,Default Title,WC-1903,0,shopify,1,deny,manual,,TRUE,TRUE,https://werecured.ca/images/IMG_1903.jpg,1,Pink rose heart pendant,draft
pink-rose-heart-pendant,,,,,,,,,,,,,,,,,,,https://werecured.ca/images/IMG_2100.jpeg,2,Pink rose heart pendant view 2,
pink-rose-heart-pendant,,,,,,,,,,,,,,,,,,,https://werecured.ca/images/IMG_2101.jpeg,3,Pink rose heart pendant view 3,
pink-rose-heart-pendant,,,,,,,,,,,,,,,,,,,https://werecured.ca/images/IMG_2102.jpeg,4,Pink rose heart pendant view 4,
encapsulated-rose-pendant,Encapsulated Rose Pendant,"<p>Clear ball with red rose pendant.</p>
<p>Handmade, one-of-a-kind resin art by We're Cured!</p>",We're Cured!,,Pendant,"Jewelry, Pendants",FALSE,Title,Default Title,WC-1904,0,shopify,1,deny,manual,,TRUE,TRUE,https://werecured.ca/images/IMG_1904.jpg,1,Clear ball with red rose pendant,draft
encapsulated-rose-pendant,,,,,,,,,,,,,,,,,,,https://werecured.ca/images/IMG_2103.jpeg,2,Encapsulated rose pendant view 2,
encapsulated-rose-pendant,,,,,,,,,,,,,,,,,,,https://werecured.ca/images/IMG_2104.jpeg,3,Encapsulated rose pendant view 3,
encapsulated-rose-pendant,,,,,,,,,,,,,,,,,,,https://werecured.ca/images/IMG_2105.jpeg,4,Encapsulated rose pendant view 4,
encapsulated-rose-pendant,,,,,,,,,,,,,,,,,,,https://werecured.ca/images/IMG_2106.jpeg,5,Encapsulated rose pendant view 5,
amber-heart-pendant,Amber Heart Pendant,"<p>Amber heart pendant.</p>
<p>Handmade, one-of-a-kind resin art by We're Cured!</p>",We're Cured!,,Pendant,"Jewelry, Pendants",FALSE,Title,Default Title,WC-1905,0,shopify,1,deny,manual,,TRUE,TRUE,https://werecured.ca/images/IMG_1905.jpg,1,Amber heart pendant,draft
amber-heart-pendant,,,,,,,,,,,,,,,,,,,https://werecured.ca/images/IMG_2225.jpeg,2,Amber heart pendant view 2,
amber-heart-pendant,,,,,,,,,,,,,,,,,,,https://werecured.ca/images/IMG_2226.jpeg,3,Amber heart pendant view 3,
amber-heart-pendant,,,,,,,,,,,,,,,,,,,https://werecured.ca/images/IMG_2227.jpeg,4,Amber heart pendant view 4,
galaxy-swirl-pendant,Galaxy Swirl Pendant,"<p>Blue purple swirl oval pendant.</p>
<p>Handmade, one-of-a-kind resin art by We're Cured!</p>",We're Cured!,,Pendant,"Jewelry, Pendants",FALSE,Title,Default Title,WC-1907,0,shopify,1,deny,manual,,TRUE,TRUE,https://werecured.ca/images/IMG_1907.jpg,1,Blue purple swirl oval pendant,draft
galaxy-swirl-pendant,,,,,,,,,,,,,,,,,,,https://werecured.ca/images/IMG_2220.jpeg,2,Galaxy swirl pendant view 2,
galaxy-swirl-pendant,,,,,,,,,,,,,,,,,,,https://werecured.ca/images/IMG_2221.jpeg,3,Galaxy swirl pendant view 3,
galaxy-swirl-pendant,,,,,,,,,,,,,,,,,,,https://werecured.ca/images/IMG_2222.jpeg,4,Galaxy swirl pendant view 4,
galaxy-swirl-pendant,,,,,,,,,,,,,,,,,,,https://werecured.ca/images/IMG_2223.jpeg,5,Galaxy swirl pendant view 5,
swirly-mist-pendant,Swirly Mist Pendant,"<p>Blue purple oval pendant.</p>
<p>Handmade, one-of-a-kind resin art by We're Cured!</p>",We're Cured!,,Pendant,"Jewelry, Pendants",FALSE,Title,Default Title,WC-1908,0,shopify,1,deny,manual,,TRUE,TRUE,https://werecured.ca/images/IMG_1908.jpg,1,Blue purple oval pendant,draft
swirly-mist-pendant,,,,,,,,,,,,,,,,,,,https://werecured.ca/images/IMG_2107.jpeg,2,Twilight oval pendant view 2,
swirly-mist-pendant,,,,,,,,,,,,,,,,,,,https://werecured.ca/images/IMG_2108.jpeg,3,Twilight oval pendant view 3,
sky-blue-holographic-pendant,Sky Blue Holographic Pendant,"<p>Blue circle pendant.</p>
<p>Handmade, one-of-a-kind resin art by We're Cured!</p>",We're Cured!,,Pendant,"Jewelry, Pendants",FALSE,Title,Default Title,WC-1909,0,shopify,1,deny,manual,,TRUE,TRUE,https://werecured.ca/images/IMG_1909.jpg,1,Blue circle pendant,draft
sky-blue-holographic-pendant,,,,,,,,,,,,,,,,,,,https://werecured.ca/images/IMG_2110.jpeg,2,Sky blue circle pendant view 2,
sky-blue-holographic-pendant,,,,,,,,,,,,,,,,,,,https://werecured.ca/images/IMG_2111.jpeg,3,Sky blue circle pendant view 3,
lavender-holographic-pendant,Lavender Holographic Pendant,"<p>Lavender oval pendant.</p>
<p>Handmade, one-of-a-kind resin art by We're Cured!</p>",We're Cured!,,Pendant,"Jewelry, Pendants",FALSE,Title,Default Title,WC-1910,0,shopify,1,deny,manual,,TRUE,TRUE,https://werecured.ca/images/IMG_1910.jpg,1,Lavender oval pendant,draft
lavender-holographic-pendant,,,,,,,,,,,,,,,,,,,https://werecured.ca/images/IMG_2112.jpeg,2,Lavender floral pendant view 2,
lavender-holographic-pendant,,,,,,,,,,,,,,,,,,,https://werecured.ca/images/IMG_2113.jpeg,3,Lavender floral pendant view 3,
lavender-holographic-pendant,,,,,,,,,,,,,,,,,,,https://werecured.ca/images/IMG_2114.jpeg,4,Lavender floral pendant view 4,
lavender-holographic-pendant,,,,,,,,,,,,,,,,,,,https://werecured.ca/images/IMG_2115.jpeg,5,Lavender floral pendant view 5,
teal-holographic-pendant,Teal Holographic Pendant,"<p>Large teal green oval pendant.</p>
<p>Handmade, one-of-a-kind resin art by We're Cured!</p>",We're Cured!,,Pendant,"Jewelry, Pendants",FALSE,Title,Default Title,WC-1911,0,shopify,1,deny,manual,,TRUE,TRUE,https://werecured.ca/images/IMG_1911.jpg,1,Large teal green oval pendant,draft
teal-holographic-pendant,,,,,,,,,,,,,,,,,,,https://werecured.ca/images/IMG_2116.jpeg,2,Teal wave pendant view 2,
teal-holographic-pendant,,,,,,,,,,,,,,,,,,,https://werecured.ca/images/IMG_2117.jpeg,3,Teal wave pendant view 3,
teal-holographic-pendant,,,,,,,,,,,,,,,,,,,https://werecured.ca/images/IMG_2118.jpeg,4,Teal wave pendant view 4,
teal-holographic-pendant,,,,,,,,,,,,,,,,,,,https://werecured.ca/images/IMG_2119.jpeg,5,Teal wave pendant view 5,
glow-skull-pendant,Glow Skull Pendant,"<p>Glow skull pendant.</p>
<p>Handmade, one-of-a-kind resin art by We're Cured!</p>
<p>✨ Glows in the dark!</p>",We're Cured!,,Pendant,"Jewelry, Pendants, Glow in the dark",FALSE,Title,Default Title,WC-2166,0,shopify,1,deny,manual,,TRUE,TRUE,https://werecured.ca/images/IMG_2166.jpeg,1,Glow skull pendant,draft
glow-skull-pendant,,,,,,,,,,,,,,,,,,,https://werecured.ca/images/IMG_1987.jpeg,2,Glow-in-the-dark skull pendant,
glow-skull-pendant,,,,,,,,,,,,,,,,,,,https://werecured.ca/images/IMG_2167.jpeg,3,Glow skull pendant view 2,
glow-skull-pendant,,,,,,,,,,,,,,,,,,,https://werecured.ca/images/IMG_2168.jpeg,4,Glow skull pendant view 3,
glow-skull-pendant,,,,,,,,,,,,,,,,,,,https://werecured.ca/images/IMG_2169.jpeg,5,Glow skull pendant view 4,
gold-bubble-heart-pendant,Gold Bubble Heart Pendant,"<p>Gold bubble heart pendant.</p>
<p>Handmade, one-of-a-kind resin art by We're Cured!</p>",We're Cured!,,Pendant,"Jewelry, Pendants",FALSE,Title,Default Title,WC-2125,0,shopify,1,deny,manual,,TRUE,TRUE,https://werecured.ca/images/IMG_2125.jpeg,1,Gold bubble heart pendant,draft
gold-bubble-heart-pendant,,,,,,,,,,,,,,,,,,,https://werecured.ca/images/IMG_2120.jpeg,2,Gold bubble heart view 2,
gold-bubble-heart-pendant,,,,,,,,,,,,,,,,,,,https://werecured.ca/images/IMG_2121.jpeg,3,Gold bubble heart view 3,
gold-bubble-heart-pendant,,,,,,,,,,,,,,,,,,,https://werecured.ca/images/IMG_2123.jpeg,4,Gold bubble heart view 4,
gold-bubble-heart-pendant,,,,,,,,,,,,,,,,,,,https://werecured.ca/images/IMG_2124.jpeg,5,Gold bubble heart view 5,
cherry-blossom-tree-pendant,Cherry Blossom Tree Pendant,"<p>Cherry blossom tree pendant.</p>
<p>Handmade, one-of-a-kind resin art by We're Cured!</p>",We're Cured!,,Pendant,"Jewelry, Pendants",FALSE,Title,Default Title,WC-2126,0,shopify,1,deny,manual,,TRUE,TRUE,https://werecured.ca/images/IMG_2126.jpeg,1,Cherry blossom tree pendant,draft
cherry-blossom-tree-pendant,,,,,,,,,,,,,,,,,,,https://werecured.ca/images/IMG_2127.jpeg,2,Cherry blossom tree pendant view 2,
cherry-blossom-tree-pendant,,,,,,,,,,,,,,,,,,,https://werecured.ca/images/IMG_2128.jpeg,3,Cherry blossom tree pendant view 3,
bronze-bubble-heart-pendant,Bronze Bubble Heart Pendant,"<p>Bronze bubble heart pendant.</p>
<p>Handmade, one-of-a-kind resin art by We're Cured!</p>",We're Cured!,,Pendant,"Jewelry, Pendants",FALSE,Title,Default Title,WC-2129,0,shopify,1,deny,manual,,TRUE,TRUE,https://werecured.ca/images/IMG_2129.jpeg,1,Bronze bubble heart pendant,draft
bronze-bubble-heart-pendant,,,,,,,,,,,,,,,,,,,https://werecured.ca/images/IMG_2130.jpeg,2,Bronze bubble heart view 2,
bronze-bubble-heart-pendant,,,,,,,,,,,,,,,,,,,https://werecured.ca/images/IMG_2131.jpeg,3,Bronze bubble heart view 3,
bronze-bubble-heart-pendant,,,,,,,,,,,,,,,,,,,https://werecured.ca/images/IMG_2132.jpeg,4,Bronze bubble heart view 4,
blue-larimar-teardrop,Blue Larimar Teardrop,"<p>Blue teardrop pendant with dark spot pattern.</p>
<p>Handmade, one-of-a-kind resin art by We're Cured!</p>",We're Cured!,,Pendant,"Jewelry, Pendants",FALSE,Title,Default Title,WC-2133,0,shopify,1,deny,manual,,TRUE,TRUE,https://werecured.ca/images/IMG_2133.jpeg,1,Blue teardrop pendant with dark spot pattern,draft
blue-larimar-teardrop,,,,,,,,,,,,,,,,,,,https://werecured.ca/images/IMG_2134.jpeg,2,Blue larimar teardrop view 2,
blue-larimar-teardrop,,,,,,,,,,,,,,,,,,,https://werecured.ca/images/IMG_2135.jpeg,3,Blue larimar teardrop view 3,
cosmic-glitter-triangle,Cosmic Glitter Triangle,"<p>Blue purple sparkle triangle pendant.</p>
<p>Handmade, one-of-a-kind resin art by We're Cured!</p>",We're Cured!,,Pendant,"Jewelry, Pendants",FALSE,Title,Default Title,WC-2136,0,shopify,1,deny,manual,,TRUE,TRUE,https://werecured.ca/images/IMG_2136.jpeg,1,Blue purple sparkle triangle pendant,draft
cosmic-glitter-triangle,,,,,,,,,,,,,,,,,,,https://werecured.ca/images/IMG_2137.jpeg,2,Cosmic glitter triangle view 2,
cosmic-glitter-triangle,,,,,,,,,,,,,,,,,,,https://werecured.ca/images/IMG_2138.jpeg,3,Cosmic glitter triangle view 3,
cosmic-glitter-triangle,,,,,,,,,,,,,,,,,,,https://werecured.ca/images/IMG_2139.jpeg,4,Cosmic glitter triangle view 4,
cobalt-foil-oval,Cobalt Foil Oval,"<p>Cobalt blue oval pendant with silver foil.</p>
<p>Handmade, one-of-a-kind resin art by We're Cured!</p>",We're Cured!,,Pendant,"Jewelry, Pendants",FALSE,Title,Default Title,WC-2140,0,shopify,1,deny,manual,,TRUE,TRUE,https://werecured.ca/images/IMG_2140.jpeg,1,Cobalt blue oval pendant with silver foil,draft
cobalt-foil-oval,,,,,,,,,,,,,,,,,,,https://werecured.ca/images/IMG_2141.jpeg,2,Cobalt foil oval view 2,
cobalt-foil-oval,,,,,,,,,,,,,,,,,,,https://werecured.ca/images/IMG_2142.jpeg,3,Cobalt foil oval view 3,
dark-coral-branch-oval,Dark Coral Branch Oval,"<p>Dark oval pendant with branching coral pattern.</p>
<p>Handmade, one-of-a-kind resin art by We're Cured!</p>",We're Cured!,,Pendant,"Jewelry, Pendants",FALSE,Title,Default Title,WC-2143,0,shopify,1,deny,manual,,TRUE,TRUE,https://werecured.ca/images/IMG_2143.jpeg,1,Dark oval pendant with branching coral pattern,draft
dark-coral-branch-oval,,,,,,,,,,,,,,,,,,,https://werecured.ca/images/IMG_2144.jpeg,2,Dark coral branch oval view 2,
dark-coral-branch-oval,,,,,,,,,,,,,,,,,,,https://werecured.ca/images/IMG_2145.jpeg,3,Dark coral branch oval view 3,
dark-coral-branch-oval,,,,,,,,,,,,,,,,,,,https://werecured.ca/images/IMG_2146.jpeg,4,Dark coral branch oval view 4,
silver-void-heart,Silver Void Heart,"<p>Silver void heart pendant.</p>
<p>Handmade, one-of-a-kind resin art by We're Cured!</p>",We're Cured!,,Pendant,"Jewelry, Pendants",FALSE,Title,Default Title,WC-2149,0,shopify,1,deny,manual,,TRUE,TRUE,https://werecured.ca/images/IMG_2149.jpeg,1,Silver void heart pendant,draft
silver-void-heart,,,,,,,,,,,,,,,,,,,https://werecured.ca/images/IMG_2147.jpeg,2,Silver void heart view 2,
silver-void-heart,,,,,,,,,,,,,,,,,,,https://werecured.ca/images/IMG_2148.jpeg,3,Silver void heart view 3,
blue-sky-circle,Blue Sky Circle,"<p>Round blue sky pendant with white clouds.</p>
<p>Handmade, one-of-a-kind resin art by We're Cured!</p>",We're Cured!,,Pendant,"Jewelry, Pendants",FALSE,Title,Default Title,WC-2150,0,shopify,1,deny,manual,,TRUE,TRUE,https://werecured.ca/images/IMG_2150.jpeg,1,Round blue sky pendant with white clouds,draft
blue-sky-circle,,,,,,,,,,,,,,,,,,,https://werecured.ca/images/IMG_2151.jpeg,2,Blue sky circle view 2,
blue-sky-circle,,,,,,,,,,,,,,,,,,,https://werecured.ca/images/IMG_2152.jpeg,3,Blue sky circle view 3,
sea-turtle-circle,Sea Turtle Circle,"<p>Round blue pendant with sea turtle and seaweed.</p>
<p>Handmade, one-of-a-kind resin art by We're Cured!</p>",We're Cured!,,Pendant,"Jewelry, Pendants",FALSE,Title,Default Title,WC-2153,0,shopify,1,deny,manual,,TRUE,TRUE,https://werecured.ca/images/IMG_2153.jpeg,1,Round blue pendant with sea turtle and seaweed,draft
sea-turtle-circle,,,,,,,,,,,,,,,,,,,https://werecured.ca/images/IMG_2154.jpeg,2,Sea turtle circle view 2,
sea-turtle-circle,,,,,,,,,,,,,,,,,,,https://werecured.ca/images/IMG_2155.jpeg,3,Sea turtle circle view 3,
purple-scallop-pendant,Purple Scallop Pendant,"<p>Round pendant with blue geode border and purple scallop shell.</p>
<p>Handmade, one-of-a-kind resin art by We're Cured!</p>",We're Cured!,,Pendant,"Jewelry, Pendants",FALSE,Title,Default Title,WC-2156,0,shopify,1,deny,manual,,TRUE,TRUE,https://werecured.ca/images/IMG_2156.jpeg,1,Round pendant with blue geode border and purple scallop shell,draft
purple-scallop-pendant,,,,,,,,,,,,,,,,,,,https://werecured.ca/images/IMG_2157.jpeg,2,Purple scallop pendant view 2,
purple-scallop-pendant,,,,,,,,,,,,,,,,,,,https://werecured.ca/images/IMG_2158.jpeg,3,Purple scallop pendant view 3,
starfish-oval,Starfish Oval,"<p>Teal oval pendant with holographic starfish.</p>
<p>Handmade, one-of-a-kind resin art by We're Cured!</p>",We're Cured!,,Pendant,"Jewelry, Pendants",FALSE,Title,Default Title,WC-2159,0,shopify,1,deny,manual,,TRUE,TRUE,https://werecured.ca/images/IMG_2159.jpeg,1,Teal oval pendant with holographic starfish,draft
starfish-oval,,,,,,,,,,,,,,,,,,,https://werecured.ca/images/IMG_2160.jpeg,2,Starfish oval view 2,
starfish-oval,,,,,,,,,,,,,,,,,,,https://werecured.ca/images/IMG_2161.jpeg,3,Starfish oval view 3,
crimson-swirl-oval,Crimson Swirl Oval,"<p>Oval pendant with crimson and purple abstract swirl.</p>
<p>Handmade, one-of-a-kind resin art by We're Cured!</p>",We're Cured!,,Pendant,"Jewelry, Pendants",FALSE,Title,Default Title,WC-2162,0,shopify,1,deny,manual,,TRUE,TRUE,https://werecured.ca/images/IMG_2162.jpeg,1,Oval pendant with crimson and purple abstract swirl,draft
crimson-swirl-oval,,,,,,,,,,,,,,,,,,,https://werecured.ca/images/IMG_2163.jpeg,2,Crimson swirl oval view 2,
crimson-swirl-oval,,,,,,,,,,,,,,,,,,,https://werecured.ca/images/IMG_2164.jpeg,3,Crimson swirl oval view 3,
crimson-swirl-oval,,,,,,,,,,,,,,,,,,,https://werecured.ca/images/IMG_2165.jpeg,4,Crimson swirl oval view 4,
red-heart-set,Red Heart Set,"<p>Red heart earrings with matching pendant.</p>
<p>Handmade, one-of-a-kind resin art by We're Cured!</p>",We're Cured!,,Earrings,"Jewelry, Earrings",FALSE,Title,Default Title,WC-1880,0,shopify,1,deny,manual,,TRUE,TRUE,https://werecured.ca/images/IMG_1880.jpg,1,Red heart earrings with matching pendant,draft
red-heart-set,,,,,,,,,,,,,,,,,,,https://werecured.ca/images/IMG_2079.jpeg,2,Red heart set view 2,
red-heart-set,,,,,,,,,,,,,,,,,,,https://werecured.ca/images/IMG_2080.jpeg,3,Red heart set view 3,
red-heart-set,,,,,,,,,,,,,,,,,,,https://werecured.ca/images/IMG_2081.jpeg,4,Red heart set view 4,
red-heart-set,,,,,,,,,,,,,,,,,,,https://werecured.ca/images/IMG_2082.jpeg,5,Red heart set view 5,
honey-bee-earrings,Honey Bee Earrings,"<p>Gold flower earring.</p>
<p>Handmade, one-of-a-kind resin art by We're Cured!</p>",We're Cured!,,Earrings,"Jewelry, Earrings",FALSE,Title,Default Title,WC-1912,0,shopify,1,deny,manual,,TRUE,TRUE,https://werecured.ca/images/IMG_1912.jpg,1,Gold flower earring,draft
honey-bee-earrings,,,,,,,,,,,,,,,,,,,https://werecured.ca/images/IMG_2178.jpeg,2,Gold flower earrings view 2,
honey-bee-earrings,,,,,,,,,,,,,,,,,,,https://werecured.ca/images/IMG_2179.jpeg,3,Gold flower earrings view 3,
ember-circle-earrings,Ember Circle Earrings,"<p>Red orange round earring.</p>
<p>Handmade, one-of-a-kind resin art by We're Cured!</p>",We're Cured!,,Earrings,"Jewelry, Earrings",FALSE,Title,Default Title,WC-1913,0,shopify,1,deny,manual,,TRUE,TRUE,https://werecured.ca/images/IMG_1913.jpg,1,Red orange round earring,draft
ember-circle-earrings,,,,,,,,,,,,,,,,,,,https://werecured.ca/images/IMG_2180.jpeg,2,Ember circle earrings view 2,
ember-circle-earrings,,,,,,,,,,,,,,,,,,,https://werecured.ca/images/IMG_2181.jpeg,3,Ember circle earrings view 3,
ember-circle-earrings,,,,,,,,,,,,,,,,,,,https://werecured.ca/images/IMG_2182.jpeg,4,Ember circle earrings view 4,
blue-oval-earrings,Blue Oval Earrings,"<p>Blue oval earring.</p>
<p>Handmade, one-of-a-kind resin art by We're Cured!</p>",We're Cured!,,Earrings,"Jewelry, Earrings",FALSE,Title,Default Title,WC-1914,0,shopify,1,deny,manual,,TRUE,TRUE,https://werecured.ca/images/IMG_1914.jpg,1,Blue oval earring,draft
blue-oval-earrings,,,,,,,,,,,,,,,,,,,https://werecured.ca/images/IMG_2183.jpeg,2,Blue oval earrings view 2,
blue-oval-earrings,,,,,,,,,,,,,,,,,,,https://werecured.ca/images/IMG_2184.jpeg,3,Blue oval earrings view 3,
blue-oval-earrings,,,,,,,,,,,,,,,,,,,https://werecured.ca/images/IMG_2185.jpeg,4,Blue oval earrings view 4,
purple-galaxy-earrings,Purple Galaxy Earrings,"<p>Purple round earring.</p>
<p>Handmade, one-of-a-kind resin art by We're Cured!</p>",We're Cured!,,Earrings,"Jewelry, Earrings",FALSE,Title,Default Title,WC-1915,0,shopify,1,deny,manual,,TRUE,TRUE,https://werecured.ca/images/IMG_1915.jpg,1,Purple round earring,draft
purple-galaxy-earrings,,,,,,,,,,,,,,,,,,,https://werecured.ca/images/IMG_2197.jpeg,2,Purple galaxy earrings view 2,
purple-galaxy-earrings,,,,,,,,,,,,,,,,,,,https://werecured.ca/images/IMG_2198.jpeg,3,Purple galaxy earrings view 3,
purple-galaxy-earrings,,,,,,,,,,,,,,,,,,,https://werecured.ca/images/IMG_2199.jpeg,4,Purple galaxy earrings view 4,
purple-galaxy-earrings,,,,,,,,,,,,,,,,,,,https://werecured.ca/images/IMG_2200.jpeg,5,Purple galaxy earrings view 5,
spilled-coffee-earrings,Spilled Coffee Earrings,"<p>Blue spilled coffee mug earrings.</p>
<p>Handmade, one-of-a-kind resin art by We're Cured!</p>",We're Cured!,,Earrings,"Jewelry, Earrings",FALSE,Title,Default Title,WC-2171,0,shopify,1,deny,manual,,TRUE,TRUE,https://werecured.ca/images/IMG_2171.jpeg,1,Blue spilled coffee mug earrings,draft
spilled-coffee-earrings,,,,,,,,,,,,,,,,,,,https://werecured.ca/images/IMG_2172.jpeg,2,Spilled coffee earrings view 2,
spilled-coffee-earrings,,,,,,,,,,,,,,,,,,,https://werecured.ca/images/IMG_2177.jpeg,3,Spilled coffee earrings view 3,
sea-life-capsule-earrings,Sea Life Capsule Earrings,"<p>Teal capsule earrings with seashells inside.</p>
<p>Handmade, one-of-a-kind resin art by We're Cured!</p>",We're Cured!,,Earrings,"Jewelry, Earrings",FALSE,Title,Default Title,WC-2174,0,shopify,1,deny,manual,,TRUE,TRUE,https://werecured.ca/images/IMG_2174.jpeg,1,Teal capsule earrings with seashells inside,draft
sea-life-capsule-earrings,,,,,,,,,,,,,,,,,,,https://werecured.ca/images/IMG_2175.jpeg,2,Seashell capsule earrings view 2,
sea-life-capsule-earrings,,,,,,,,,,,,,,,,,,,https://werecured.ca/images/IMG_2176.jpeg,3,Seashell capsule earrings view 3,
frosted-periwinkle-teardrop-earrings,Frosted Periwinkle Teardrop Earrings,"<p>Periwinkle teardrop earrings.</p>
<p>Handmade, one-of-a-kind resin art by We're Cured!</p>",We're Cured!,,Earrings,"Jewelry, Earrings",FALSE,Title,Default Title,WC-2186,0,shopify,1,deny,manual,,TRUE,TRUE,https://werecured.ca/images/IMG_2186.jpeg,1,Periwinkle teardrop earrings,draft
frosted-periwinkle-teardrop-earrings,,,,,,,,,,,,,,,,,,,https://werecured.ca/images/IMG_2187.jpeg,2,Periwinkle teardrop earrings view 2,
frosted-periwinkle-teardrop-earrings,,,,,,,,,,,,,,,,,,,https://werecured.ca/images/IMG_2188.jpeg,3,Periwinkle teardrop earrings view 3,
frosted-periwinkle-square-earrings,Frosted Periwinkle Square Earrings,"<p>Pale blue marble square earrings.</p>
<p>Handmade, one-of-a-kind resin art by We're Cured!</p>",We're Cured!,,Earrings,"Jewelry, Earrings",FALSE,Title,Default Title,WC-2189,0,shopify,1,deny,manual,,TRUE,TRUE,https://werecured.ca/images/IMG_2189.jpeg,1,Pale blue marble square earrings,draft
frosted-periwinkle-square-earrings,,,,,,,,,,,,,,,,,,,https://werecured.ca/images/IMG_2190.jpeg,2,Blue marble square earrings view 2,
frosted-periwinkle-square-earrings,,,,,,,,,,,,,,,,,,,https://werecured.ca/images/IMG_2191.jpeg,3,Blue marble square earrings view 3,
frosted-periwinkle-square-earrings,,,,,,,,,,,,,,,,,,,https://werecured.ca/images/IMG_2192.jpeg,4,Blue marble square earrings view 4,
emerald-leaf-earrings,Emerald Leaf Earrings,"<p>Green sparkly leaf oval earrings.</p>
<p>Handmade, one-of-a-kind resin art by We're Cured!</p>",We're Cured!,,Earrings,"Jewelry, Earrings",FALSE,Title,Default Title,WC-2193,0,shopify,1,deny,manual,,TRUE,TRUE,https://werecured.ca/images/IMG_2193.jpeg,1,Green sparkly leaf oval earrings,draft
emerald-leaf-earrings,,,,,,,,,,,,,,,,,,,https://werecured.ca/images/IMG_2194.jpeg,2,Emerald leaf earrings view 2,
emerald-leaf-earrings,,,,,,,,,,,,,,,,,,,https://werecured.ca/images/IMG_2195.jpeg,3,Emerald leaf earrings view 3,
emerald-leaf-earrings,,,,,,,,,,,,,,,,,,,https://werecured.ca/images/IMG_2196.jpeg,4,Emerald leaf earrings view 4,
electric-blue-oval-earrings,Electric Blue Oval Earrings,"<p>Electric blue oval earrings.</p>
<p>Handmade, one-of-a-kind resin art by We're Cured!</p>",We're Cured!,,Earrings,"Jewelry, Earrings",FALSE,Title,Default Title,WC-2201,0,shopify,1,deny,manual,,TRUE,TRUE,https://werecured.ca/images/IMG_2201.jpeg,1,Electric blue oval earrings,draft
electric-blue-oval-earrings,,,,,,,,,,,,,,,,,,,https://werecured.ca/images/IMG_2202.jpeg,2,Electric blue oval earrings view 2,
electric-blue-oval-earrings,,,,,,,,,,,,,,,,,,,https://werecured.ca/images/IMG_2203.jpeg,3,Electric blue oval earrings view 3,
electric-blue-oval-earrings,,,,,,,,,,,,,,,,,,,https://werecured.ca/images/IMG_2204.jpeg,4,Electric blue oval earrings view 4,
navy-daisy-set-of-4,Navy Daisy Set of 4,"<p>Navy blue daisy flower coaster set.</p>
<p>Handmade, one-of-a-kind resin art by We're Cured!</p>",We're Cured!,,Coasters,"Coasters, Home",FALSE,Title,Default Title,WC-1917,0,shopify,1,deny,manual,,TRUE,TRUE,https://werecured.ca/images/IMG_1917.jpg,1,Navy blue daisy flower coaster set,draft
navy-daisy-set-of-4,,,,,,,,,,,,,,,,,,,https://werecured.ca/images/IMG_1998.jpeg,2,Navy daisy coaster view 2,
navy-daisy-set-of-4,,,,,,,,,,,,,,,,,,,https://werecured.ca/images/IMG_1999.jpeg,3,Navy daisy coaster view 3,
white-daisy-set-of-4,White Daisy Set of 4,"<p>Clear white daisy coaster set.</p>
<p>Handmade, one-of-a-kind resin art by We're Cured!</p>",We're Cured!,,Coasters,"Coasters, Home",FALSE,Title,Default Title,WC-1918,0,shopify,1,deny,manual,,TRUE,TRUE,https://werecured.ca/images/IMG_1918.jpg,1,Clear white daisy coaster set,draft
white-daisy-set-of-4,,,,,,,,,,,,,,,,,,,https://werecured.ca/images/IMG_2012.jpeg,2,White daisy coaster view 2,
white-daisy-set-of-4,,,,,,,,,,,,,,,,,,,https://werecured.ca/images/IMG_2013.jpeg,3,White daisy coaster view 3,
white-daisy-set-of-4,,,,,,,,,,,,,,,,,,,https://werecured.ca/images/IMG_2018.jpeg,4,White daisy coaster view 4,
red-poppy-set-of-4,Red Poppy Set of 4,"<p>Red poppy coaster set.</p>
<p>Handmade, one-of-a-kind resin art by We're Cured!</p>",We're Cured!,,Coasters,"Coasters, Home",FALSE,Title,Default Title,WC-1920,0,shopify,1,deny,manual,,TRUE,TRUE,https://werecured.ca/images/IMG_1920.jpg,1,Red poppy coaster set,draft
red-poppy-set-of-4,,,,,,,,,,,,,,,,,,,https://werecured.ca/images/IMG_2033.jpeg,2,Red poppy coaster view 2,
red-poppy-set-of-4,,,,,,,,,,,,,,,,,,,https://werecured.ca/images/IMG_2036.jpeg,3,Red poppy coaster view 3,
blue-geode-set-of-4,Blue Geode Set of 4,"<p>Blue teal lacy flower coaster set.</p>
<p>Handmade, one-of-a-kind resin art by We're Cured!</p>",We're Cured!,,Coasters,"Coasters, Home",FALSE,Title,Default Title,WC-1921,0,shopify,1,deny,manual,,TRUE,TRUE,https://werecured.ca/images/IMG_1921.jpg,1,Blue teal lacy flower coaster set,draft
blue-geode-set-of-4,,,,,,,,,,,,,,,,,,,https://werecured.ca/images/IMG_2024.jpeg,2,Blue lace flower coaster view 2,
blue-geode-set-of-4,,,,,,,,,,,,,,,,,,,https://werecured.ca/images/IMG_2025.jpeg,3,Blue lace flower coaster view 3,
teal-marigold-set-of-4,Teal Marigold Set of 4,"<p>Teal marigold coaster set of 4.</p>
<p>Handmade, one-of-a-kind resin art by We're Cured!</p>",We're Cured!,,Coasters,"Coasters, Home",FALSE,Title,Default Title,WC-2044,0,shopify,1,deny,manual,,TRUE,TRUE,https://werecured.ca/images/IMG_2044.jpeg,1,Teal marigold coaster set of 4,draft
teal-marigold-set-of-4,,,,,,,,,,,,,,,,,,,https://werecured.ca/images/IMG_2045.jpeg,2,Teal marigold coaster view 2,
teal-marigold-set-of-4,,,,,,,,,,,,,,,,,,,https://werecured.ca/images/IMG_2046.jpeg,3,Teal marigold coaster view 3,
blue-burst-set-of-4,Blue Burst Set of 4,"<p>Blue red ornate flower coaster set.</p>
<p>Handmade, one-of-a-kind resin art by We're Cured!</p>",We're Cured!,,Coasters,"Coasters, Home",FALSE,Title,Default Title,WC-1922,0,shopify,1,deny,manual,,TRUE,TRUE,https://werecured.ca/images/IMG_1922.jpg,1,Blue red ornate flower coaster set,draft
blue-burst-set-of-4,,,,,,,,,,,,,,,,,,,https://werecured.ca/images/IMG_2005.jpeg,2,Blue burst coaster view 2,
blue-burst-set-of-4,,,,,,,,,,,,,,,,,,,https://werecured.ca/images/IMG_2006.jpeg,3,Blue burst coaster view 3,
purple-daisy-set-of-4,Purple Daisy Set of 4,"<p>Purple daisy coaster set.</p>
<p>Handmade, one-of-a-kind resin art by We're Cured!</p>",We're Cured!,,Coasters,"Coasters, Home",FALSE,Title,Default Title,WC-1923,0,shopify,1,deny,manual,,TRUE,TRUE,https://werecured.ca/images/IMG_1923.jpg,1,Purple daisy coaster set,draft
purple-daisy-set-of-4,,,,,,,,,,,,,,,,,,,https://werecured.ca/images/IMG_2010.jpeg,2,Purple daisy coaster view 2,
purple-daisy-set-of-4,,,,,,,,,,,,,,,,,,,https://werecured.ca/images/IMG_2011.jpeg,3,Purple daisy coaster view 3,
monster-splat-set-of-4,Monster Splat Set of 4,"<p>Bright neon splat coasters with googly eyes.</p>
<p>Handmade, one-of-a-kind resin art by We're Cured!</p>
<p>✨ Glows in the dark!</p>",We're Cured!,,Coasters,"Coasters, Home, Glow in the dark",FALSE,Title,Default Title,WC-1924,0,shopify,1,deny,manual,,TRUE,TRUE,https://werecured.ca/images/IMG_1924.jpg,1,Bright neon splat coasters with googly eyes,draft
monster-splat-set-of-4,,,,,,,,,,,,,,,,,,,https://werecured.ca/images/IMG_2037.jpeg,2,Monster splat coasters glowing under UV light,
ocean-bubble-set-of-4,Ocean Bubble Set of 4,"<p>Blue bubble round coaster set.</p>
<p>Handmade, one-of-a-kind resin art by We're Cured!</p>",We're Cured!,,Coasters,"Coasters, Home",FALSE,Title,Default Title,WC-1925,0,shopify,1,deny,manual,,TRUE,TRUE,https://werecured.ca/images/IMG_1925.jpg,1,Blue bubble round coaster set,draft
ocean-bubble-set-of-4,,,,,,,,,,,,,,,,,,,https://werecured.ca/images/IMG_2030.jpeg,2,Ocean bubble coaster view 2,
ocean-bubble-set-of-4,,,,,,,,,,,,,,,,,,,https://werecured.ca/images/IMG_2031.jpeg,3,Ocean bubble coaster view 3,
ocean-bubble-set-of-4,,,,,,,,,,,,,,,,,,,https://werecured.ca/images/IMG_2032.jpeg,4,Ocean bubble coaster view 4,
nebula-square-set-of-4,Nebula Square Set of 4,"<p>Purple red square coaster set.</p>
<p>Handmade, one-of-a-kind resin art by We're Cured!</p>",We're Cured!,,Coasters,"Coasters, Home",FALSE,Title,Default Title,WC-1939,0,shopify,1,deny,manual,,TRUE,TRUE,https://werecured.ca/images/IMG_1939.jpg,1,Purple red square coaster set,draft
nebula-square-set-of-4,,,,,,,,,,,,,,,,,,,https://werecured.ca/images/IMG_2028.jpeg,2,Nebula square coaster view 2,
nebula-square-set-of-4,,,,,,,,,,,,,,,,,,,https://werecured.ca/images/IMG_2029.jpeg,3,Nebula square coaster view 3,
violet-bloom-set-of-4,Violet Bloom Set of 4,"<p>Purple daisy coaster set.</p>
<p>Handmade, one-of-a-kind resin art by We're Cured!</p>",We're Cured!,,Coasters,"Coasters, Home",FALSE,Title,Default Title,WC-1940,0,shopify,1,deny,manual,,TRUE,TRUE,https://werecured.ca/images/IMG_1940.jpg,1,Purple daisy coaster set,draft
violet-bloom-set-of-4,,,,,,,,,,,,,,,,,,,https://werecured.ca/images/IMG_2007.jpeg,2,Violet bloom coaster view 2,
violet-bloom-set-of-4,,,,,,,,,,,,,,,,,,,https://werecured.ca/images/IMG_2008.jpeg,3,Violet bloom coaster view 3,
violet-bloom-set-of-4,,,,,,,,,,,,,,,,,,,https://werecured.ca/images/IMG_2009.jpeg,4,Violet bloom coaster view 4,
velvet-colorshift-set-of-4,Velvet Colorshift Set of 4,"<p>Iridescent round coaster set.</p>
<p>Handmade, one-of-a-kind resin art by We're Cured!</p>",We're Cured!,,Coasters,"Coasters, Home",FALSE,Title,Default Title,WC-1943,0,shopify,1,deny,manual,,TRUE,TRUE,https://werecured.ca/images/IMG_1943.jpg,1,Iridescent round coaster set,draft
velvet-colorshift-set-of-4,,,,,,,,,,,,,,,,,,,https://werecured.ca/images/IMG_1988.jpeg,2,Aurora round coaster view 2,
velvet-colorshift-set-of-4,,,,,,,,,,,,,,,,,,,https://werecured.ca/images/IMG_2042.jpeg,3,Aurora round coaster view 3,
velvet-colorshift-set-of-4,,,,,,,,,,,,,,,,,,,https://werecured.ca/images/IMG_2043.jpeg,4,Aurora round coaster view 4,
silver-moon-set-of-4,Silver Moon Set of 4,"<p>Grey silver bubble coaster set.</p>
<p>Handmade, one-of-a-kind resin art by We're Cured!</p>",We're Cured!,,Coasters,"Coasters, Home",FALSE,Title,Default Title,WC-1944,0,shopify,1,deny,manual,,TRUE,TRUE,https://werecured.ca/images/IMG_1944.jpg,1,Grey silver bubble coaster set,draft
silver-moon-set-of-4,,,,,,,,,,,,,,,,,,,https://werecured.ca/images/IMG_2016.jpeg,2,Silver foam coaster view 2,
silver-moon-set-of-4,,,,,,,,,,,,,,,,,,,https://werecured.ca/images/IMG_2017.jpeg,3,Silver foam coaster view 3,
tropical-storm-set-of-4,Tropical Storm Set of 4,"<p>Aqua red teal abstract coaster set.</p>
<p>Handmade, one-of-a-kind resin art by We're Cured!</p>",We're Cured!,,Coasters,"Coasters, Home",FALSE,Title,Default Title,WC-1945,0,shopify,1,deny,manual,,TRUE,TRUE,https://werecured.ca/images/IMG_1945.jpg,1,Aqua red teal abstract coaster set,draft
tropical-storm-set-of-4,,,,,,,,,,,,,,,,,,,https://werecured.ca/images/IMG_2003.jpeg,2,Tropical storm coaster view 2,
tropical-storm-set-of-4,,,,,,,,,,,,,,,,,,,https://werecured.ca/images/IMG_2004.jpeg,3,Tropical storm coaster view 3,
green-star-flower-set-of-4,Green Star Flower Set of 4,"<p>Clear coasters with green flower.</p>
<p>Handmade, one-of-a-kind resin art by We're Cured!</p>",We're Cured!,,Coasters,"Coasters, Home",FALSE,Title,Default Title,WC-1946,0,shopify,1,deny,manual,,TRUE,TRUE,https://werecured.ca/images/IMG_1946.jpg,1,Clear coasters with green flower,draft
green-star-flower-set-of-4,,,,,,,,,,,,,,,,,,,https://werecured.ca/images/IMG_2001.jpeg,2,Green star flower coaster view 2,
green-star-flower-set-of-4,,,,,,,,,,,,,,,,,,,https://werecured.ca/images/IMG_2002.jpeg,3,Green star flower coaster view 3,
neon-blob-set-of-4,Neon Blob Set of 4,"<p>Bright neon blob coaster set.</p>
<p>Handmade, one-of-a-kind resin art by We're Cured!</p>
<p>✨ Glows in the dark!</p>",We're Cured!,,Coasters,"Coasters, Home, Glow in the dark",FALSE,Title,Default Title,WC-1947,0,shopify,1,deny,manual,,TRUE,TRUE,https://werecured.ca/images/IMG_1947.jpg,1,Bright neon blob coaster set,draft
neon-blob-set-of-4,,,,,,,,,,,,,,,,,,,https://werecured.ca/images/IMG_2038.jpeg,2,Neon blob coasters glowing under UV light,
neon-blob-set-of-4,,,,,,,,,,,,,,,,,,,https://werecured.ca/images/IMG_2039.jpeg,3,Neon blob coasters view 3,
rose-garden-set-of-4,Rose Garden Set of 4,"<p>Clear round coasters with rose flower.</p>
<p>Handmade, one-of-a-kind resin art by We're Cured!</p>",We're Cured!,,Coasters,"Coasters, Home",FALSE,Title,Default Title,WC-1949,0,shopify,1,deny,manual,,TRUE,TRUE,https://werecured.ca/images/IMG_1949.jpg,1,Clear round coasters with rose flower,draft
rose-garden-set-of-4,,,,,,,,,,,,,,,,,,,https://werecured.ca/images/IMG_1993.jpeg,2,Rose garden coaster view 2,
rose-garden-set-of-4,,,,,,,,,,,,,,,,,,,https://werecured.ca/images/IMG_1994.jpeg,3,Rose garden coaster view 3,
ocean-marble-set-of-4,Ocean Marble Set of 4,"<p>Blue green brown marble oval coaster set.</p>
<p>Handmade, one-of-a-kind resin art by We're Cured!</p>",We're Cured!,,Coasters,"Coasters, Home",FALSE,Title,Default Title,WC-1952,0,shopify,1,deny,manual,,TRUE,TRUE,https://werecured.ca/images/IMG_1952.jpg,1,Blue green brown marble oval coaster set,draft
ocean-marble-set-of-4,,,,,,,,,,,,,,,,,,,https://werecured.ca/images/IMG_1995.jpeg,2,Ocean marble coaster view 2,
ocean-marble-set-of-4,,,,,,,,,,,,,,,,,,,https://werecured.ca/images/IMG_1997.jpeg,3,Ocean marble coaster view 3,
sunflower-set-of-4,Sunflower Set of 4,"<p>White clear coasters with yellow sunflower.</p>
<p>Handmade, one-of-a-kind resin art by We're Cured!</p>",We're Cured!,,Coasters,"Coasters, Home",FALSE,Title,Default Title,WC-1953,0,shopify,1,deny,manual,,TRUE,TRUE,https://werecured.ca/images/IMG_1953.jpg,1,White clear coasters with yellow sunflower,draft
sunflower-set-of-4,,,,,,,,,,,,,,,,,,,https://werecured.ca/images/IMG_1991.jpeg,2,Sunflower coaster view 2,
sunflower-set-of-4,,,,,,,,,,,,,,,,,,,https://werecured.ca/images/IMG_1992.jpeg,3,Sunflower coaster view 3,
autumn-bloom-set-of-4,Autumn Bloom Set of 4,"<p>Clear round coasters with orange flower.</p>
<p>Handmade, one-of-a-kind resin art by We're Cured!</p>",We're Cured!,,Coasters,"Coasters, Home",FALSE,Title,Default Title,WC-1954,0,shopify,1,deny,manual,,TRUE,TRUE,https://werecured.ca/images/IMG_1954.jpg,1,Clear round coasters with orange flower,draft
autumn-bloom-set-of-4,,,,,,,,,,,,,,,,,,,https://werecured.ca/images/IMG_2019.jpeg,2,Autumn bloom coaster view 2,
autumn-bloom-set-of-4,,,,,,,,,,,,,,,,,,,https://werecured.ca/images/IMG_2021.jpeg,3,Autumn bloom coaster view 3,
golden-sunflower-set-of-4,Golden Sunflower Set of 4,"<p>Yellow orange sunflower coaster set.</p>
<p>Handmade, one-of-a-kind resin art by We're Cured!</p>",We're Cured!,,Coasters,"Coasters, Home",FALSE,Title,Default Title,WC-1955,0,shopify,1,deny,manual,,TRUE,TRUE,https://werecured.ca/images/IMG_1955.jpg,1,Yellow orange sunflower coaster set,draft
golden-sunflower-set-of-4,,,,,,,,,,,,,,,,,,,https://werecured.ca/images/IMG_2026.jpeg,2,Golden sunflower coaster view 2,
golden-sunflower-set-of-4,,,,,,,,,,,,,,,,,,,https://werecured.ca/images/IMG_2027.jpeg,3,Golden sunflower coaster view 3,
blue-anemone-set-of-4,Blue Anemone Set of 4,"<p>Blue teal flower coaster set with purple stamen.</p>
<p>Handmade, one-of-a-kind resin art by We're Cured!</p>",We're Cured!,,Coasters,"Coasters, Home",FALSE,Title,Default Title,WC-2205,0,shopify,1,deny,manual,,TRUE,TRUE,https://werecured.ca/images/IMG_2205.jpeg,1,Blue teal flower coaster set with purple stamen,draft
blue-anemone-set-of-4,,,,,,,,,,,,,,,,,,,https://werecured.ca/images/IMG_2022.jpeg,2,Blue anemone coaster view 2,
blue-anemone-set-of-4,,,,,,,,,,,,,,,,,,,https://werecured.ca/images/IMG_2023.jpeg,3,Blue anemone coaster view 3,
koi-pond-set-of-4,Koi Pond Set of 4,"<p>Koi fish pond coaster set of 4 with lily pads and plants.</p>
<p>Handmade, one-of-a-kind resin art by We're Cured!</p>",We're Cured!,,Coasters,"Coasters, Home",FALSE,Title,Default Title,WC-2206,0,shopify,1,deny,manual,,TRUE,TRUE,https://werecured.ca/images/IMG_2206.jpeg,1,Koi fish pond coaster set of 4 with lily pads and plants,draft
koi-pond-set-of-4,,,,,,,,,,,,,,,,,,,https://werecured.ca/images/IMG_2207.jpeg,2,Koi pond coaster view 2,
koi-pond-set-of-4,,,,,,,,,,,,,,,,,,,https://werecured.ca/images/IMG_2208.jpeg,3,Koi pond coaster view 3,
koi-pond-set-of-4,,,,,,,,,,,,,,,,,,,https://werecured.ca/images/IMG_2209.jpeg,4,Koi pond coaster view 4,
koi-pond-set-of-4,,,,,,,,,,,,,,,,,,,https://werecured.ca/images/IMG_2210.jpeg,5,Koi pond coaster view 5,
purple-peony-set-of-4,Purple Peony Set of 4,"<p>Purple peony flower coaster set of 4.</p>
<p>Handmade, one-of-a-kind resin art by We're Cured!</p>",We're Cured!,,Coasters,"Coasters, Home",FALSE,Title,Default Title,WC-2211,0,shopify,1,deny,manual,,TRUE,TRUE,https://werecured.ca/images/IMG_2211.jpeg,1,Purple peony flower coaster set of 4,draft
purple-peony-set-of-4,,,,,,,,,,,,,,,,,,,https://werecured.ca/images/IMG_2212.jpeg,2,Purple peony coaster close-up,
midnight-iridescence-set-of-3,Midnight Iridescence Set of 3,"<p>Set of 3 dark iridescent resin coasters.</p>
<p>Handmade, one-of-a-kind resin art by We're Cured!</p>",We're Cured!,,Coasters,"Coasters, Home",FALSE,Title,Default Title,WC-2,0,shopify,1,deny,manual,,TRUE,TRUE,https://werecured.ca/images/New_MidnightIridescence_2.jpeg,1,Set of 3 dark iridescent resin coasters,draft
midnight-iridescence-set-of-3,,,,,,,,,,,,,,,,,,,https://werecured.ca/images/New_MidnightIridescence_1.jpeg,2,Single midnight iridescence coaster close-up,
midnight-iridescence-set-of-3,,,,,,,,,,,,,,,,,,,https://werecured.ca/images/IMG_2816.jpeg,3,Dark Prism coaster with iridescent rainbow foil shards,
shimmer-bloom-set-of-4,Shimmer Bloom Set of 4,"<p>Set of 4 dark purple shimmer bloom resin coasters.</p>
<p>Handmade, one-of-a-kind resin art by We're Cured!</p>",We're Cured!,,Coasters,"Coasters, Home",FALSE,Title,Default Title,WC-2818,0,shopify,1,deny,manual,,TRUE,TRUE,https://werecured.ca/images/IMG_2818.jpeg,1,Set of 4 dark purple shimmer bloom resin coasters,draft
shimmer-bloom-set-of-4,,,,,,,,,,,,,,,,,,,https://werecured.ca/images/IMG_2819.jpeg,2,Shimmer bloom coaster close-up,
wine-on-the-beach-set-of-4,Wine on the Beach Set of 4,"<p>Set of 4 wine glasses with blue resin seashell coaster bases.</p>
<p>Handmade, one-of-a-kind resin art by We're Cured!</p>",We're Cured!,,Coasters,"Coasters, Home",FALSE,Title,Default Title,WC-2820,0,shopify,1,deny,manual,,TRUE,TRUE,https://werecured.ca/images/IMG_2820.jpeg,1,Set of 4 wine glasses with blue resin seashell coaster bases,draft
wine-on-the-beach-set-of-4,,,,,,,,,,,,,,,,,,,https://werecured.ca/images/IMG_2821.jpeg,2,Wine on the beach glass coaster base close-up,
wine-on-the-beach-set-of-4,,,,,,,,,,,,,,,,,,,https://werecured.ca/images/IMG_2822.jpeg,3,Wine on the beach glass coaster bases view 3,
crackling-rose-set-of-4,Crackling Rose Set of 4,"<p>Set of 4 rose-shaped coasters in purple, red, orange, and blue.</p>
<p>Handmade, one-of-a-kind resin art by We're Cured!</p>",We're Cured!,,Coasters,"Coasters, Home",FALSE,Title,Default Title,WC-3039,0,shopify,1,deny,manual,,TRUE,TRUE,https://werecured.ca/images/IMG_3039.jpeg,1,"Set of 4 rose-shaped coasters in purple, red, orange, and blue",draft
crackling-rose-set-of-4,,,,,,,,,,,,,,,,,,,https://werecured.ca/images/IMG_3040.jpeg,2,Crackling Rose coasters top view,
crackling-rose-set-of-4,,,,,,,,,,,,,,,,,,,https://werecured.ca/images/IMG_3041.jpeg,3,Red and blue Crackling Rose coasters close-up,
crackling-rose-set-of-4,,,,,,,,,,,,,,,,,,,https://werecured.ca/images/IMG_3042.jpeg,4,Purple and orange Crackling Rose coasters close-up,
crackling-rose-set-of-4,,,,,,,,,,,,,,,,,,,https://werecured.ca/images/IMG_3293.jpeg,5,Red Crackling Rose coaster,
crackling-rose-set-of-4,,,,,,,,,,,,,,,,,,,https://werecured.ca/images/IMG_3294.jpeg,6,Red Crackling Rose coaster detail,
crackling-rose-set-of-4,,,,,,,,,,,,,,,,,,,https://werecured.ca/images/IMG_3295.jpeg,7,Blue Crackling Rose coaster detail,
crackling-rose-set-of-4,,,,,,,,,,,,,,,,,,,https://werecured.ca/images/IMG_3296.jpeg,8,Blue Crackling Rose coaster,
crackling-rose-set-of-4,,,,,,,,,,,,,,,,,,,https://werecured.ca/images/IMG_3297.jpeg,9,Orange Crackling Rose coaster,
crackling-rose-set-of-4,,,,,,,,,,,,,,,,,,,https://werecured.ca/images/IMG_3298.jpeg,10,Orange Crackling Rose coaster detail,
crackling-rose-set-of-4,,,,,,,,,,,,,,,,,,,https://werecured.ca/images/IMG_3299.jpeg,11,Purple Crackling Rose coaster,
crackling-rose-set-of-4,,,,,,,,,,,,,,,,,,,https://werecured.ca/images/IMG_3300.jpeg,12,Purple Crackling Rose coaster detail,
emerald-geode-set-of-4,Emerald Geode Set of 4,"<p>Set of 4 green geode resin coasters with crystal edges.</p>
<p>Handmade, one-of-a-kind resin art by We're Cured!</p>",We're Cured!,,Coasters,"Coasters, Home",FALSE,Title,Default Title,WC-3043,0,shopify,1,deny,manual,,TRUE,TRUE,https://werecured.ca/images/IMG_3043.jpeg,1,Set of 4 green geode resin coasters with crystal edges,draft
emerald-geode-set-of-4,,,,,,,,,,,,,,,,,,,https://werecured.ca/images/IMG_3044.jpeg,2,Emerald Geode coasters top view,
emerald-geode-set-of-4,,,,,,,,,,,,,,,,,,,https://werecured.ca/images/IMG_3045.jpeg,3,Emerald Geode coaster crystal edge close-up,
emerald-geode-set-of-4,,,,,,,,,,,,,,,,,,,https://werecured.ca/images/IMG_3301.jpeg,4,Emerald Geode coaster individual,
emerald-geode-set-of-4,,,,,,,,,,,,,,,,,,,https://werecured.ca/images/IMG_3302.jpeg,5,Emerald Geode coaster held in hand,
emerald-geode-set-of-4,,,,,,,,,,,,,,,,,,,https://werecured.ca/images/IMG_3303.jpeg,6,Emerald Geode coaster detail,
jade-geode-set-of-4,Jade Geode Set of 4,"<p>Set of 4 green cellular geode resin coasters with green glitter centres.</p>
<p>Handmade, one-of-a-kind resin art by We're Cured!</p>",We're Cured!,,Coasters,"Coasters, Home",FALSE,Title,Default Title,WC-3117,0,shopify,1,deny,manual,,TRUE,TRUE,https://werecured.ca/images/IMG_3117.jpeg,1,Set of 4 green cellular geode resin coasters with green glitter centres,draft
jade-geode-set-of-4,,,,,,,,,,,,,,,,,,,https://werecured.ca/images/IMG_3118.jpeg,2,Jade Geode coasters studio view,
jade-geode-set-of-4,,,,,,,,,,,,,,,,,,,https://werecured.ca/images/IMG_3119.jpeg,3,Jade Geode coaster cellular pattern close-up,
jade-geode-set-of-4,,,,,,,,,,,,,,,,,,,https://werecured.ca/images/IMG_3120.jpeg,4,Jade Geode coaster crystal edge detail,
jade-geode-set-of-4,,,,,,,,,,,,,,,,,,,https://werecured.ca/images/IMG_3240.jpeg,5,Jade Geode coaster outdoor view,
jade-geode-set-of-4,,,,,,,,,,,,,,,,,,,https://werecured.ca/images/IMG_3241.jpeg,6,Jade Geode coaster held in hand outdoors,
crimson-geode-set-of-4,Crimson Geode Set of 4,"<p>Set of 4 deep crimson geode resin coasters with red crystal edges.</p>
<p>Handmade, one-of-a-kind resin art by We're Cured!</p>",We're Cured!,,Coasters,"Coasters, Home",FALSE,Title,Default Title,WC-3046,0,shopify,1,deny,manual,,TRUE,TRUE,https://werecured.ca/images/IMG_3046.jpeg,1,Set of 4 deep crimson geode resin coasters with red crystal edges,draft
crimson-geode-set-of-4,,,,,,,,,,,,,,,,,,,https://werecured.ca/images/IMG_3047.jpeg,2,Crimson Geode coasters top view,
crimson-geode-set-of-4,,,,,,,,,,,,,,,,,,,https://werecured.ca/images/IMG_3048.jpeg,3,Crimson Geode coaster close-up,
crimson-geode-set-of-4,,,,,,,,,,,,,,,,,,,https://werecured.ca/images/IMG_3313.jpeg,4,Crimson Geode coaster outdoor view,
crimson-geode-set-of-4,,,,,,,,,,,,,,,,,,,https://werecured.ca/images/IMG_3314.jpeg,5,Crimson Geode coaster held in hand,
crimson-geode-set-of-4,,,,,,,,,,,,,,,,,,,https://werecured.ca/images/IMG_3315.jpeg,6,Crimson Geode coaster close-up outdoor,
crimson-geode-set-of-4,,,,,,,,,,,,,,,,,,,https://werecured.ca/images/IMG_3316.jpeg,7,Crimson Geode coaster close-up detail,
gilded-petal-set-of-4,Gilded Petal Set of 4,"<p>Set of 4 blush pink flower-shaped resin coasters with gold shimmer.</p>
<p>Handmade, one-of-a-kind resin art by We're Cured!</p>",We're Cured!,,Coasters,"Coasters, Home",FALSE,Title,Default Title,WC-3049,0,shopify,1,deny,manual,,TRUE,TRUE,https://werecured.ca/images/IMG_3049.jpeg,1,Set of 4 blush pink flower-shaped resin coasters with gold shimmer,draft
gilded-petal-set-of-4,,,,,,,,,,,,,,,,,,,https://werecured.ca/images/IMG_3050.jpeg,2,Gilded Petal coasters view 2,
gilded-petal-set-of-4,,,,,,,,,,,,,,,,,,,https://werecured.ca/images/IMG_3051.jpeg,3,Gilded Petal coaster close-up,
gilded-petal-set-of-4,,,,,,,,,,,,,,,,,,,https://werecured.ca/images/IMG_3304.jpeg,4,Gilded Petal coaster outdoor view,
gilded-petal-set-of-4,,,,,,,,,,,,,,,,,,,https://werecured.ca/images/IMG_3305.jpeg,5,Gilded Petal coaster held in hand,
gilded-petal-set-of-4,,,,,,,,,,,,,,,,,,,https://werecured.ca/images/IMG_3306.jpeg,6,Gilded Petal coaster gold centre close-up,
amethyst-geode-set-of-4,Amethyst Geode Set of 4,"<p>Set of 4 lavender geode resin coasters with red glitter centres.</p>
<p>Handmade, one-of-a-kind resin art by We're Cured!</p>",We're Cured!,,Coasters,"Coasters, Home",FALSE,Title,Default Title,WC-3056,0,shopify,1,deny,manual,,TRUE,TRUE,https://werecured.ca/images/IMG_3056.jpeg,1,Set of 4 lavender geode resin coasters with red glitter centres,draft
amethyst-geode-set-of-4,,,,,,,,,,,,,,,,,,,https://werecured.ca/images/IMG_3057.jpeg,2,Amethyst Geode coasters view 2,
amethyst-geode-set-of-4,,,,,,,,,,,,,,,,,,,https://werecured.ca/images/IMG_3058.jpeg,3,Amethyst Geode coaster close-up,
tide-pool-set-of-4,Tide Pool Set of 4,"<p>Set of 4 multicolour tie-dye cell pattern resin coasters.</p>
<p>Handmade, one-of-a-kind resin art by We're Cured!</p>",We're Cured!,,Coasters,"Coasters, Home",FALSE,Title,Default Title,WC-3059,0,shopify,1,deny,manual,,TRUE,TRUE,https://werecured.ca/images/IMG_3059.jpeg,1,Set of 4 multicolour tie-dye cell pattern resin coasters,draft
tide-pool-set-of-4,,,,,,,,,,,,,,,,,,,https://werecured.ca/images/IMG_3060.jpeg,2,Tide Pool coasters view 2,
tide-pool-set-of-4,,,,,,,,,,,,,,,,,,,https://werecured.ca/images/IMG_3061.jpeg,3,Tide Pool coaster close-up,
tide-pool-set-of-4,,,,,,,,,,,,,,,,,,,https://werecured.ca/images/IMG_3310.jpeg,4,Tide Pool coaster outdoor view,
tide-pool-set-of-4,,,,,,,,,,,,,,,,,,,https://werecured.ca/images/IMG_3311.jpeg,5,Tide Pool coaster held in hand outdoors,
tide-pool-set-of-4,,,,,,,,,,,,,,,,,,,https://werecured.ca/images/IMG_3312.jpeg,6,Tide Pool coaster outdoor close-up,
prism-eye-set-of-4,Prism Eye Set of 4,"<p>Set of 4 rainbow prism eye resin coasters with dark centre and explosion pattern.</p>
<p>Handmade, one-of-a-kind resin art by We're Cured!</p>",We're Cured!,,Coasters,"Coasters, Home",FALSE,Title,Default Title,WC-3062,0,shopify,1,deny,manual,,TRUE,TRUE,https://werecured.ca/images/IMG_3062.jpeg,1,Set of 4 rainbow prism eye resin coasters with dark centre and explosion pattern,draft
prism-eye-set-of-4,,,,,,,,,,,,,,,,,,,https://werecured.ca/images/IMG_3063.jpeg,2,Prism Eye coasters view 2,
prism-eye-set-of-4,,,,,,,,,,,,,,,,,,,https://werecured.ca/images/IMG_3064.jpeg,3,Prism Eye coaster close-up,
prism-eye-set-of-4,,,,,,,,,,,,,,,,,,,https://werecured.ca/images/IMG_3307.jpeg,4,Prism Eye coaster outdoor view,
prism-eye-set-of-4,,,,,,,,,,,,,,,,,,,https://werecured.ca/images/IMG_3308.jpeg,5,Prism Eye coaster held in hand,
prism-eye-set-of-4,,,,,,,,,,,,,,,,,,,https://werecured.ca/images/IMG_3309.jpeg,6,Prism Eye coaster centre close-up,
galaxy-petal-set-of-4,Galaxy Petal Set of 4,"<p>Set of 4 black resin coasters with white petal ring and multicolour gem crystal edges.</p>
<p>Handmade, one-of-a-kind resin art by We're Cured!</p>",We're Cured!,,Coasters,"Coasters, Home",FALSE,Title,Default Title,WC-3065,0,shopify,1,deny,manual,,TRUE,TRUE,https://werecured.ca/images/IMG_3065.jpeg,1,Set of 4 black resin coasters with white petal ring and multicolour gem crystal edges,draft
galaxy-petal-set-of-4,,,,,,,,,,,,,,,,,,,https://werecured.ca/images/IMG_3066.jpeg,2,Galaxy Petal coasters view 2,
galaxy-petal-set-of-4,,,,,,,,,,,,,,,,,,,https://werecured.ca/images/IMG_3067.jpeg,3,Galaxy Petal coaster petal edge close-up,
galaxy-petal-set-of-4,,,,,,,,,,,,,,,,,,,https://werecured.ca/images/IMG_3320.jpeg,4,Galaxy Petal coaster held in hand outdoors,
galaxy-petal-set-of-4,,,,,,,,,,,,,,,,,,,https://werecured.ca/images/IMG_3321.jpeg,5,Galaxy Petal coaster outdoor close-up,
coral-eye,Coral Eye,"<p>Teal and rust bull's-eye resin coaster with red crystal edges and gold flakes.</p>
<p>Handmade, one-of-a-kind resin art by We're Cured!</p>",We're Cured!,,Coasters,"Coasters, Home",FALSE,Title,Default Title,WC-3068,0,shopify,1,deny,manual,,TRUE,TRUE,https://werecured.ca/images/IMG_3068.jpeg,1,Teal and rust bull's-eye resin coaster with red crystal edges and gold flakes,draft
coral-eye,,,,,,,,,,,,,,,,,,,https://werecured.ca/images/IMG_3069.jpeg,2,Coral Eye coaster angled view,
coral-eye,,,,,,,,,,,,,,,,,,,https://werecured.ca/images/IMG_3070.jpeg,3,Coral Eye coaster side view,
coral-eye,,,,,,,,,,,,,,,,,,,https://werecured.ca/images/IMG_3071.jpeg,4,Coral Eye coaster pattern close-up,
coral-eye,,,,,,,,,,,,,,,,,,,https://werecured.ca/images/IMG_3072.jpeg,5,Coral Eye coaster detail,
coral-eye,,,,,,,,,,,,,,,,,,,https://werecured.ca/images/IMG_3323.jpeg,6,Coral Eye coaster held in hand outdoors,
coral-eye,,,,,,,,,,,,,,,,,,,https://werecured.ca/images/IMG_3324.jpeg,7,Coral Eye coaster outdoor view,
coral-eye,,,,,,,,,,,,,,,,,,,https://werecured.ca/images/IMG_3325.jpeg,8,Coral Eye coaster outdoor close-up,
stone-geode-set-of-4,Stone Geode Set of 4,"<p>Set of 4 grey white honeycomb resin coasters with gold centre and white crystal edges.</p>
<p>Handmade, one-of-a-kind resin art by We're Cured!</p>",We're Cured!,,Coasters,"Coasters, Home",FALSE,Title,Default Title,WC-3073,0,shopify,1,deny,manual,,TRUE,TRUE,https://werecured.ca/images/IMG_3073.jpeg,1,Set of 4 grey white honeycomb resin coasters with gold centre and white crystal edges,draft
stone-geode-set-of-4,,,,,,,,,,,,,,,,,,,https://werecured.ca/images/IMG_3074.jpeg,2,Stone Geode coasters view 2,
stone-geode-set-of-4,,,,,,,,,,,,,,,,,,,https://werecured.ca/images/IMG_3075.jpeg,3,Stone Geode coaster gold centre close-up,
stone-geode-set-of-4,,,,,,,,,,,,,,,,,,,https://werecured.ca/images/IMG_3076.jpeg,4,Stone Geode coaster crystal edge close-up,
stone-geode-set-of-4,,,,,,,,,,,,,,,,,,,https://werecured.ca/images/IMG_3329.jpeg,5,Stone Geode coaster outdoor view 2,
stone-geode-set-of-4,,,,,,,,,,,,,,,,,,,https://werecured.ca/images/IMG_3330.jpeg,6,Stone Geode coaster held view 2,
stone-geode-set-of-4,,,,,,,,,,,,,,,,,,,https://werecured.ca/images/IMG_3331.jpeg,7,Stone Geode coaster crystal edge outdoor,
ice-blue-geode-set-of-4,Ice Blue Geode Set of 4,"<p>Set of 4 ice blue geode resin coasters with white crystal edges.</p>
<p>Handmade, one-of-a-kind resin art by We're Cured!</p>",We're Cured!,,Coasters,"Coasters, Home",FALSE,Title,Default Title,WC-3052,0,shopify,1,deny,manual,,TRUE,TRUE,https://werecured.ca/images/IMG_3052.jpeg,1,Set of 4 ice blue geode resin coasters with white crystal edges,draft
ice-blue-geode-set-of-4,,,,,,,,,,,,,,,,,,,https://werecured.ca/images/IMG_3053.jpeg,2,Ice Blue Geode coasters standing view,
ice-blue-geode-set-of-4,,,,,,,,,,,,,,,,,,,https://werecured.ca/images/IMG_3055.jpeg,3,Ice Blue Geode coaster close-up,
ice-blue-geode-set-of-4,,,,,,,,,,,,,,,,,,,https://werecured.ca/images/IMG_3317.jpeg,4,Ice Blue Geode coaster outdoor view,
ice-blue-geode-set-of-4,,,,,,,,,,,,,,,,,,,https://werecured.ca/images/IMG_3318.jpeg,5,Ice Blue Geode coaster close-up outdoor,
ice-blue-geode-set-of-4,,,,,,,,,,,,,,,,,,,https://werecured.ca/images/IMG_3319.jpeg,6,Ice Blue Geode coaster outdoor close-up,
teal-crackle-geode-set-of-4,Teal Crackle Geode Set of 4,"<p>Set of 4 teal crackle geode resin coasters with blue edges.</p>
<p>Handmade, one-of-a-kind resin art by We're Cured!</p>",We're Cured!,,Coasters,"Coasters, Home",FALSE,Title,Default Title,WC-3078,0,shopify,1,deny,manual,,TRUE,TRUE,https://werecured.ca/images/IMG_3078.jpeg,1,Set of 4 teal crackle geode resin coasters with blue edges,draft
teal-crackle-geode-set-of-4,,,,,,,,,,,,,,,,,,,https://werecured.ca/images/IMG_3079.jpeg,2,Teal Crackle Geode coaster close-up,
teal-crackle-geode-set-of-4,,,,,,,,,,,,,,,,,,,https://werecured.ca/images/IMG_3080.jpeg,3,Teal Crackle Geode coasters edge detail,
teal-crackle-geode-set-of-4,,,,,,,,,,,,,,,,,,,https://werecured.ca/images/IMG_3290.jpeg,4,Teal Crackle Geode coaster outdoors,
teal-crackle-geode-set-of-4,,,,,,,,,,,,,,,,,,,https://werecured.ca/images/IMG_3291.jpeg,5,Teal Crackle Geode coaster outdoor close-up,
teal-crackle-geode-set-of-4,,,,,,,,,,,,,,,,,,,https://werecured.ca/images/IMG_3289.jpeg,6,Teal Crackle Geode coaster outdoor view,
reversible-blue-geode-set-of-4,Reversible Blue Geode Set of 4,"<p>Set of 4 reversible resin coasters - periwinkle blue geode on one side, white blue frost lace on the other.</p>
<p>Handmade, one-of-a-kind resin art by We're Cured!</p>",We're Cured!,,Coasters,"Coasters, Home",FALSE,Title,Default Title,WC-3081,0,shopify,1,deny,manual,,TRUE,TRUE,https://werecured.ca/images/IMG_3081.jpeg,1,"Set of 4 reversible resin coasters - periwinkle blue geode on one side, white blue frost lace on the other",draft
reversible-blue-geode-set-of-4,,,,,,,,,,,,,,,,,,,https://werecured.ca/images/IMG_3082.jpeg,2,Periwinkle side studio view,
reversible-blue-geode-set-of-4,,,,,,,,,,,,,,,,,,,https://werecured.ca/images/IMG_3083.jpeg,3,Periwinkle side close-up,
reversible-blue-geode-set-of-4,,,,,,,,,,,,,,,,,,,https://werecured.ca/images/IMG_3084.jpeg,4,Frost lace side studio view of all 4,
reversible-blue-geode-set-of-4,,,,,,,,,,,,,,,,,,,https://werecured.ca/images/IMG_3085.jpeg,5,Frost lace side studio view,
reversible-blue-geode-set-of-4,,,,,,,,,,,,,,,,,,,https://werecured.ca/images/IMG_3086.jpeg,6,Frost lace side macro top view,
reversible-blue-geode-set-of-4,,,,,,,,,,,,,,,,,,,https://werecured.ca/images/IMG_3087.jpeg,7,Frost lace side macro angled,
reversible-blue-geode-set-of-4,,,,,,,,,,,,,,,,,,,https://werecured.ca/images/IMG_3286.jpeg,8,Periwinkle side outdoors on table,
reversible-blue-geode-set-of-4,,,,,,,,,,,,,,,,,,,https://werecured.ca/images/IMG_3287.jpeg,9,Periwinkle side held in hand,
reversible-blue-geode-set-of-4,,,,,,,,,,,,,,,,,,,https://werecured.ca/images/IMG_3288.jpeg,10,Periwinkle side macro detail,
purple-nebula-set-of-4,Purple Nebula Set of 4,"<p>Set of 4 dark purple resin coasters with green nebula glow and sparkles.</p>
<p>Handmade, one-of-a-kind resin art by We're Cured!</p>",We're Cured!,,Coasters,"Coasters, Home",FALSE,Title,Default Title,WC-3088,0,shopify,1,deny,manual,,TRUE,TRUE,https://werecured.ca/images/IMG_3088.jpeg,1,Set of 4 dark purple resin coasters with green nebula glow and sparkles,draft
purple-nebula-set-of-4,,,,,,,,,,,,,,,,,,,https://werecured.ca/images/IMG_3089.jpeg,2,Purple Nebula coasters studio view,
purple-nebula-set-of-4,,,,,,,,,,,,,,,,,,,https://werecured.ca/images/IMG_3090.jpeg,3,Purple Nebula coaster edge close-up,
purple-nebula-set-of-4,,,,,,,,,,,,,,,,,,,https://werecured.ca/images/IMG_3335.jpeg,4,Purple Nebula coaster outdoor view,
purple-nebula-set-of-4,,,,,,,,,,,,,,,,,,,https://werecured.ca/images/IMG_3337.jpeg,5,Purple Nebula coaster outdoor close-up,
ocean-daisy,Ocean Daisy,"<p>Teal blue flower resin coaster with clear resin bubble border.</p>
<p>Handmade, one-of-a-kind resin art by We're Cured!</p>",We're Cured!,,Coasters,"Coasters, Home",FALSE,Title,Default Title,WC-3091,0,shopify,1,deny,manual,,TRUE,TRUE,https://werecured.ca/images/IMG_3091.jpeg,1,Teal blue flower resin coaster with clear resin bubble border,draft
ocean-daisy,,,,,,,,,,,,,,,,,,,https://werecured.ca/images/IMG_3092.jpeg,2,Ocean Daisy coaster bubble edge detail,
ocean-daisy,,,,,,,,,,,,,,,,,,,https://werecured.ca/images/IMG_3093.jpeg,3,Ocean Daisy coaster studio view,
ocean-daisy,,,,,,,,,,,,,,,,,,,https://werecured.ca/images/IMG_3326.jpeg,4,Ocean Daisy coaster outdoor lifestyle,
ocean-daisy,,,,,,,,,,,,,,,,,,,https://werecured.ca/images/IMG_3328.jpeg,5,Ocean Daisy coaster outdoor view 2,
blue-marble-set-of-4,Blue Marble Set of 4,"<p>Set of 4 white resin coasters with blue marble swirl pattern.</p>
<p>Handmade, one-of-a-kind resin art by We're Cured!</p>",We're Cured!,,Coasters,"Coasters, Home",FALSE,Title,Default Title,WC-3094,0,shopify,1,deny,manual,,TRUE,TRUE,https://werecured.ca/images/IMG_3094.jpeg,1,Set of 4 white resin coasters with blue marble swirl pattern,draft
blue-marble-set-of-4,,,,,,,,,,,,,,,,,,,https://werecured.ca/images/IMG_3095.jpeg,2,Blue Marble coasters studio view,
blue-marble-set-of-4,,,,,,,,,,,,,,,,,,,https://werecured.ca/images/IMG_3096.jpeg,3,Blue Marble coaster swirl close-up,
blue-marble-set-of-4,,,,,,,,,,,,,,,,,,,https://werecured.ca/images/IMG_3097.jpeg,4,Blue Marble coaster swirl macro,
blue-marble-set-of-4,,,,,,,,,,,,,,,,,,,https://werecured.ca/images/IMG_3263.jpeg,5,Blue Marble coaster held in hand outdoors,
blue-marble-set-of-4,,,,,,,,,,,,,,,,,,,https://werecured.ca/images/IMG_3264.jpeg,6,Blue Marble coaster outdoor close-up,
amethyst-bloom-set-of-4,Amethyst Bloom Set of 4,"<p>Set of 4 purple pink flower resin coasters with amethyst crystal edges.</p>
<p>Handmade, one-of-a-kind resin art by We're Cured!</p>",We're Cured!,,Coasters,"Coasters, Home",FALSE,Title,Default Title,WC-3098,0,shopify,1,deny,manual,,TRUE,TRUE,https://werecured.ca/images/IMG_3098.jpeg,1,Set of 4 purple pink flower resin coasters with amethyst crystal edges,draft
amethyst-bloom-set-of-4,,,,,,,,,,,,,,,,,,,https://werecured.ca/images/IMG_3099.jpeg,2,Amethyst Bloom coaster petal detail,
amethyst-bloom-set-of-4,,,,,,,,,,,,,,,,,,,https://werecured.ca/images/IMG_3100.jpeg,3,Amethyst Bloom coaster close-up,
amethyst-bloom-set-of-4,,,,,,,,,,,,,,,,,,,https://werecured.ca/images/IMG_3101.jpeg,4,Amethyst Bloom coaster detail,
amethyst-bloom-set-of-4,,,,,,,,,,,,,,,,,,,https://werecured.ca/images/IMG_3218.jpeg,5,Amethyst Bloom coaster outdoor view,
amethyst-bloom-set-of-4,,,,,,,,,,,,,,,,,,,https://werecured.ca/images/IMG_3219.jpeg,6,Amethyst Bloom coaster held in hand outdoors,
fiesta-set-of-4,Fiesta Set of 4,"<p>Set of 4 lime green resin coasters with rainbow red blue and maroon tie-dye pattern.</p>
<p>Handmade, one-of-a-kind resin art by We're Cured!</p>",We're Cured!,,Coasters,"Coasters, Home",FALSE,Title,Default Title,WC-3102,0,shopify,1,deny,manual,,TRUE,TRUE,https://werecured.ca/images/IMG_3102.jpeg,1,Set of 4 lime green resin coasters with rainbow red blue and maroon tie-dye pattern,draft
fiesta-set-of-4,,,,,,,,,,,,,,,,,,,https://werecured.ca/images/IMG_3103.jpeg,2,Fiesta coasters studio view,
fiesta-set-of-4,,,,,,,,,,,,,,,,,,,https://werecured.ca/images/IMG_3104.jpeg,3,Fiesta coaster close-up,
fiesta-set-of-4,,,,,,,,,,,,,,,,,,,https://werecured.ca/images/IMG_3105.jpeg,4,Fiesta coaster pattern detail,
fiesta-set-of-4,,,,,,,,,,,,,,,,,,,https://werecured.ca/images/IMG_3238.jpeg,5,Fiesta coaster outdoor close-up,
fiesta-set-of-4,,,,,,,,,,,,,,,,,,,https://werecured.ca/images/IMG_3239.jpeg,6,Fiesta coaster held in hand outdoors,
sea-glass-geode-set-of-4,Sea Glass Geode Set of 4,"<p>Set of 4 teal green geode resin coasters with silver druzy crystal edges.</p>
<p>Handmade, one-of-a-kind resin art by We're Cured!</p>",We're Cured!,,Coasters,"Coasters, Home",FALSE,Title,Default Title,WC-3106,0,shopify,1,deny,manual,,TRUE,TRUE,https://werecured.ca/images/IMG_3106.jpeg,1,Set of 4 teal green geode resin coasters with silver druzy crystal edges,draft
sea-glass-geode-set-of-4,,,,,,,,,,,,,,,,,,,https://werecured.ca/images/IMG_3107.jpeg,2,Sea Glass Geode coasters studio view,
sea-glass-geode-set-of-4,,,,,,,,,,,,,,,,,,,https://werecured.ca/images/IMG_3108.jpeg,3,Sea Glass Geode coaster macro detail,
sea-glass-geode-set-of-4,,,,,,,,,,,,,,,,,,,https://werecured.ca/images/IMG_3109.jpeg,4,Sea Glass Geode coaster centre close-up,
sea-glass-geode-set-of-4,,,,,,,,,,,,,,,,,,,https://werecured.ca/images/IMG_3220.jpeg,5,Sea Glass Geode coaster outdoor close-up,
metallic-rose-coasters,Metallic Rose Coasters,"<p>Set of 5 metallic iridescent rose-shaped resin coasters in purple, green, blue and pink.</p>
<p>Handmade, one-of-a-kind resin art by We're Cured!</p>",We're Cured!,,Coasters,"Coasters, Home",FALSE,Title,Default Title,WC-3136,0,shopify,1,deny,manual,,TRUE,TRUE,https://werecured.ca/images/IMG_3136.jpeg,1,"Set of 5 metallic iridescent rose-shaped resin coasters in purple, green, blue and pink",draft
metallic-rose-coasters,,,,,,,,,,,,,,,,,,,https://werecured.ca/images/IMG_3137.jpeg,2,Metallic Rose coasters outdoor view,
metallic-rose-coasters,,,,,,,,,,,,,,,,,,,https://werecured.ca/images/IMG_3216.jpeg,3,Metallic Rose coasters outdoor view on patio table,
metallic-rose-coasters,,,,,,,,,,,,,,,,,,,https://werecured.ca/images/IMG_3138.jpeg,4,Metallic Rose coaster holographic sparkle macro,
forest-blossom-set-of-5,Forest Blossom Set of 5,"<p>Set of 5 flower-shaped resin coasters with teal green glitter edges, white centres and holographic sparkle.</p>
<p>Handmade, one-of-a-kind resin art by We're Cured!</p>",We're Cured!,,Coasters,"Coasters, Home",FALSE,Title,Default Title,WC-3110,0,shopify,1,deny,manual,,TRUE,TRUE,https://werecured.ca/images/IMG_3110.jpeg,1,"Set of 5 flower-shaped resin coasters with teal green glitter edges, white centres and holographic sparkle",draft
forest-blossom-set-of-5,,,,,,,,,,,,,,,,,,,https://werecured.ca/images/IMG_3111.jpeg,2,Forest Blossom coasters studio view,
forest-blossom-set-of-5,,,,,,,,,,,,,,,,,,,https://werecured.ca/images/IMG_3112.jpeg,3,Forest Blossom coasters studio view 2,
forest-blossom-set-of-5,,,,,,,,,,,,,,,,,,,https://werecured.ca/images/IMG_3113.jpeg,4,Forest Blossom coasters studio view 3,
forest-blossom-set-of-5,,,,,,,,,,,,,,,,,,,https://werecured.ca/images/IMG_3114.jpeg,5,Forest Blossom coaster centre close-up,
forest-blossom-set-of-5,,,,,,,,,,,,,,,,,,,https://werecured.ca/images/IMG_3115.jpeg,6,Forest Blossom coaster petal detail,
forest-blossom-set-of-5,,,,,,,,,,,,,,,,,,,https://werecured.ca/images/IMG_3116.jpeg,7,Forest Blossom coaster macro detail,
forest-blossom-set-of-5,,,,,,,,,,,,,,,,,,,https://werecured.ca/images/IMG_3250.jpeg,8,Forest Blossom coaster outdoor view,
forest-blossom-set-of-5,,,,,,,,,,,,,,,,,,,https://werecured.ca/images/IMG_3251.jpeg,9,Forest Blossom coaster held in hand outdoors,
orchid-blossom-set-of-4,Orchid Blossom Set of 4,"<p>Set of 4 flower-shaped resin coasters with purple and magenta glitter petals and clear scalloped edges.</p>
<p>Handmade, one-of-a-kind resin art by We're Cured!</p>",We're Cured!,,Coasters,"Coasters, Home",FALSE,Title,Default Title,WC-3121,0,shopify,1,deny,manual,,TRUE,TRUE,https://werecured.ca/images/IMG_3121.jpeg,1,Set of 4 flower-shaped resin coasters with purple and magenta glitter petals and clear scalloped edges,draft
orchid-blossom-set-of-4,,,,,,,,,,,,,,,,,,,https://werecured.ca/images/IMG_3122.jpeg,2,Orchid Blossom coasters studio view,
orchid-blossom-set-of-4,,,,,,,,,,,,,,,,,,,https://werecured.ca/images/IMG_3125.jpeg,3,Orchid Blossom coasters studio view 2,
orchid-blossom-set-of-4,,,,,,,,,,,,,,,,,,,https://werecured.ca/images/IMG_3123.jpeg,4,Orchid Blossom coaster petal close-up,
orchid-blossom-set-of-4,,,,,,,,,,,,,,,,,,,https://werecured.ca/images/IMG_3124.jpeg,5,Orchid Blossom coaster centre detail,
orchid-blossom-set-of-4,,,,,,,,,,,,,,,,,,,https://werecured.ca/images/IMG_3126.jpeg,6,Orchid Blossom coaster macro detail,
orchid-blossom-set-of-4,,,,,,,,,,,,,,,,,,,https://werecured.ca/images/IMG_3127.jpeg,7,Orchid Blossom coaster sparkle close-up,
orchid-blossom-set-of-4,,,,,,,,,,,,,,,,,,,https://werecured.ca/images/IMG_3232.jpeg,8,Orchid Blossom coaster outdoor view,
orchid-blossom-set-of-4,,,,,,,,,,,,,,,,,,,https://werecured.ca/images/IMG_3233.jpeg,9,Orchid Blossom coaster outdoor view 2,
orchid-blossom-set-of-4,,,,,,,,,,,,,,,,,,,https://werecured.ca/images/IMG_3234.jpeg,10,Orchid Blossom coaster held in hand outdoors,
orchid-blossom-set-of-4,,,,,,,,,,,,,,,,,,,https://werecured.ca/images/IMG_3235.jpeg,11,Orchid Blossom coaster held in hand outdoors 2,
royal-mandala-set-of-4,Royal Mandala Set of 4,"<p>Set of 4 round resin coasters with purple, cobalt and gold mandala sunburst pattern.</p>
<p>Handmade, one-of-a-kind resin art by We're Cured!</p>",We're Cured!,,Coasters,"Coasters, Home",FALSE,Title,Default Title,WC-3128,0,shopify,1,deny,manual,,TRUE,TRUE,https://werecured.ca/images/IMG_3128.jpeg,1,"Set of 4 round resin coasters with purple, cobalt and gold mandala sunburst pattern",draft
royal-mandala-set-of-4,,,,,,,,,,,,,,,,,,,https://werecured.ca/images/IMG_3129.jpeg,2,Royal Mandala coasters studio view,
royal-mandala-set-of-4,,,,,,,,,,,,,,,,,,,https://werecured.ca/images/IMG_3130.jpeg,3,Royal Mandala coaster gold ring close-up,
royal-mandala-set-of-4,,,,,,,,,,,,,,,,,,,https://werecured.ca/images/IMG_3131.jpeg,4,Royal Mandala coaster pattern detail,
royal-mandala-set-of-4,,,,,,,,,,,,,,,,,,,https://werecured.ca/images/IMG_3217.jpeg,5,Royal Mandala coaster outdoor view,
poppy-set-of-4,Poppy Set of 4,"<p>Set of 4 orange and red resin coasters with marbled web vein pattern.</p>
<p>Handmade, one-of-a-kind resin art by We're Cured!</p>",We're Cured!,,Coasters,"Coasters, Home",FALSE,Title,Default Title,WC-3143,0,shopify,1,deny,manual,,TRUE,TRUE,https://werecured.ca/images/IMG_3143.jpeg,1,Set of 4 orange and red resin coasters with marbled web vein pattern,draft
poppy-set-of-4,,,,,,,,,,,,,,,,,,,https://werecured.ca/images/IMG_3144.jpeg,2,Poppy coasters studio view,
poppy-set-of-4,,,,,,,,,,,,,,,,,,,https://werecured.ca/images/IMG_3145.jpeg,3,Poppy coaster web pattern close-up,
poppy-set-of-4,,,,,,,,,,,,,,,,,,,https://werecured.ca/images/IMG_3146.jpeg,4,Poppy coaster macro detail,
poppy-set-of-4,,,,,,,,,,,,,,,,,,,https://werecured.ca/images/IMG_3221.jpeg,5,Poppy coaster outdoor view,
olive-gold-geode-set-of-4,Olive Gold Geode Set of 4,"<p>Set of 4 olive green geode resin coasters with gold glitter centres and crystal edges.</p>
<p>Handmade, one-of-a-kind resin art by We're Cured!</p>",We're Cured!,,Coasters,"Coasters, Home",FALSE,Title,Default Title,WC-3147,0,shopify,1,deny,manual,,TRUE,TRUE,https://werecured.ca/images/IMG_3147.jpeg,1,Set of 4 olive green geode resin coasters with gold glitter centres and crystal edges,draft
olive-gold-geode-set-of-4,,,,,,,,,,,,,,,,,,,https://werecured.ca/images/IMG_3148.jpeg,2,Olive Gold Geode coasters studio view,
olive-gold-geode-set-of-4,,,,,,,,,,,,,,,,,,,https://werecured.ca/images/IMG_3149.jpeg,3,Olive Gold Geode coaster gold centre close-up,
olive-gold-geode-set-of-4,,,,,,,,,,,,,,,,,,,https://werecured.ca/images/IMG_3150.jpeg,4,Olive Gold Geode coaster macro detail,
olive-gold-geode-set-of-4,,,,,,,,,,,,,,,,,,,https://werecured.ca/images/IMG_3261.jpeg,5,Olive Gold Geode coaster outdoor view,
olive-gold-geode-set-of-4,,,,,,,,,,,,,,,,,,,https://werecured.ca/images/IMG_3262.jpeg,6,Olive Gold Geode coaster held in hand outdoors,
lagoon-geode-set-of-4,Lagoon Geode Set of 4,"<p>Set of 4 turquoise and green crackle geode resin coasters with fine cell web pattern.</p>
<p>Handmade, one-of-a-kind resin art by We're Cured!</p>",We're Cured!,,Coasters,"Coasters, Home",FALSE,Title,Default Title,WC-3139,0,shopify,1,deny,manual,,TRUE,TRUE,https://werecured.ca/images/IMG_3139.jpeg,1,Set of 4 turquoise and green crackle geode resin coasters with fine cell web pattern,draft
lagoon-geode-set-of-4,,,,,,,,,,,,,,,,,,,https://werecured.ca/images/IMG_3140.jpeg,2,Lagoon Geode coasters studio view,
lagoon-geode-set-of-4,,,,,,,,,,,,,,,,,,,https://werecured.ca/images/IMG_3141.jpeg,3,Lagoon Geode coaster crackle close-up,
lagoon-geode-set-of-4,,,,,,,,,,,,,,,,,,,https://werecured.ca/images/IMG_3142.jpeg,4,Lagoon Geode coaster macro detail,
lagoon-geode-set-of-4,,,,,,,,,,,,,,,,,,,https://werecured.ca/images/IMG_3224.jpeg,5,Lagoon Geode coaster outdoor view,
lagoon-geode-set-of-4,,,,,,,,,,,,,,,,,,,https://werecured.ca/images/IMG_3225.jpeg,6,Lagoon Geode coaster held in hand outdoors,
amber-geode-set-of-4,Amber Geode Set of 4,"<p>Set of 4 amber and gold crackle geode resin coasters with dark olive centres.</p>
<p>Handmade, one-of-a-kind resin art by We're Cured!</p>",We're Cured!,,Coasters,"Coasters, Home",FALSE,Title,Default Title,WC-3151,0,shopify,1,deny,manual,,TRUE,TRUE,https://werecured.ca/images/IMG_3151.jpeg,1,Set of 4 amber and gold crackle geode resin coasters with dark olive centres,draft
amber-geode-set-of-4,,,,,,,,,,,,,,,,,,,https://werecured.ca/images/IMG_3152.jpeg,2,Amber Geode coasters studio view,
amber-geode-set-of-4,,,,,,,,,,,,,,,,,,,https://werecured.ca/images/IMG_3153.jpeg,3,Amber Geode coaster crackle close-up,
amber-geode-set-of-4,,,,,,,,,,,,,,,,,,,https://werecured.ca/images/IMG_3248.jpeg,4,Amber Geode coaster outdoor view,
amber-geode-set-of-4,,,,,,,,,,,,,,,,,,,https://werecured.ca/images/IMG_3249.jpeg,5,Amber Geode coaster held in hand outdoors,
coral-sunburst-set-of-4,Coral Sunburst Set of 4,"<p>Set of 4 coral and peach resin coasters with white crystal edges and gold glitter centres.</p>
<p>Handmade, one-of-a-kind resin art by We're Cured!</p>",We're Cured!,,Coasters,"Coasters, Home",FALSE,Title,Default Title,WC-3162,0,shopify,1,deny,manual,,TRUE,TRUE,https://werecured.ca/images/IMG_3162.jpeg,1,Set of 4 coral and peach resin coasters with white crystal edges and gold glitter centres,draft
coral-sunburst-set-of-4,,,,,,,,,,,,,,,,,,,https://werecured.ca/images/IMG_3163.jpeg,2,Coral Sunburst coaster close-up,
coral-sunburst-set-of-4,,,,,,,,,,,,,,,,,,,https://werecured.ca/images/IMG_3164.jpeg,3,Coral Sunburst coaster petal detail,
coral-sunburst-set-of-4,,,,,,,,,,,,,,,,,,,https://werecured.ca/images/IMG_3165.jpeg,4,Coral Sunburst coaster gold centre macro,
coral-sunburst-set-of-4,,,,,,,,,,,,,,,,,,,https://werecured.ca/images/IMG_3246.jpeg,5,Coral Sunburst coaster outdoor view,
coral-sunburst-set-of-4,,,,,,,,,,,,,,,,,,,https://werecured.ca/images/IMG_3247.jpeg,6,Coral Sunburst coaster held in hand outdoors,
marigold-set-of-4,Marigold Set of 4,"<p>Set of 4 red and orange resin coasters with gold mandala sunburst centres.</p>
<p>Handmade, one-of-a-kind resin art by We're Cured!</p>",We're Cured!,,Coasters,"Coasters, Home",FALSE,Title,Default Title,WC-3154,0,shopify,1,deny,manual,,TRUE,TRUE,https://werecured.ca/images/IMG_3154.jpeg,1,Set of 4 red and orange resin coasters with gold mandala sunburst centres,draft
marigold-set-of-4,,,,,,,,,,,,,,,,,,,https://werecured.ca/images/IMG_3155.jpeg,2,Marigold coasters studio view,
marigold-set-of-4,,,,,,,,,,,,,,,,,,,https://werecured.ca/images/IMG_3156.jpeg,3,Marigold coaster gold centre close-up,
marigold-set-of-4,,,,,,,,,,,,,,,,,,,https://werecured.ca/images/IMG_3157.jpeg,4,Marigold coaster petal detail,
marigold-set-of-4,,,,,,,,,,,,,,,,,,,https://werecured.ca/images/IMG_3254.jpeg,5,Marigold coaster outdoor view,
marigold-set-of-4,,,,,,,,,,,,,,,,,,,https://werecured.ca/images/IMG_3256.jpeg,6,Marigold coaster held in hand outdoors,
cornflower-blossom-set-of-4,Cornflower Blossom Set of 4,"<p>Set of 4 flower-shaped resin coasters with blue petals, pale blue ruffled edges and red glitter centres.</p>
<p>Handmade, one-of-a-kind resin art by We're Cured!</p>",We're Cured!,,Coasters,"Coasters, Home",FALSE,Title,Default Title,WC-3158,0,shopify,1,deny,manual,,TRUE,TRUE,https://werecured.ca/images/IMG_3158.jpeg,1,"Set of 4 flower-shaped resin coasters with blue petals, pale blue ruffled edges and red glitter centres",draft
cornflower-blossom-set-of-4,,,,,,,,,,,,,,,,,,,https://werecured.ca/images/IMG_3159.jpeg,2,Cornflower Blossom coasters studio view,
cornflower-blossom-set-of-4,,,,,,,,,,,,,,,,,,,https://werecured.ca/images/IMG_3160.jpeg,3,Cornflower Blossom coaster centre close-up,
cornflower-blossom-set-of-4,,,,,,,,,,,,,,,,,,,https://werecured.ca/images/IMG_3161.jpeg,4,Cornflower Blossom coaster petal detail,
cornflower-blossom-set-of-4,,,,,,,,,,,,,,,,,,,https://werecured.ca/images/IMG_3252.jpeg,5,Cornflower Blossom coaster outdoor view,
cornflower-blossom-set-of-4,,,,,,,,,,,,,,,,,,,https://werecured.ca/images/IMG_3253.jpeg,6,Cornflower Blossom coaster held in hand outdoors,
meadow-blossom-set-of-4,Meadow Blossom Set of 4,"<p>Set of 4 flower-shaped resin coasters with green petals, white ruffled edges and crystal druzy centres.</p>
<p>Handmade, one-of-a-kind resin art by We're Cured!</p>",We're Cured!,,Coasters,"Coasters, Home",FALSE,Title,Default Title,WC-3166,0,shopify,1,deny,manual,,TRUE,TRUE,https://werecured.ca/images/IMG_3166.jpeg,1,"Set of 4 flower-shaped resin coasters with green petals, white ruffled edges and crystal druzy centres",draft
meadow-blossom-set-of-4,,,,,,,,,,,,,,,,,,,https://werecured.ca/images/IMG_3167.jpeg,2,Meadow Blossom coasters studio view,
meadow-blossom-set-of-4,,,,,,,,,,,,,,,,,,,https://werecured.ca/images/IMG_3168.jpeg,3,Meadow Blossom coaster crystal centre close-up,
meadow-blossom-set-of-4,,,,,,,,,,,,,,,,,,,https://werecured.ca/images/IMG_3259.jpeg,4,Meadow Blossom coaster outdoor view,
meadow-blossom-set-of-4,,,,,,,,,,,,,,,,,,,https://werecured.ca/images/IMG_3260.jpeg,5,Meadow Blossom coaster held in hand outdoors,
peacock-blossom-set-of-4,Peacock Blossom Set of 4,"<p>Set of 4 flower-shaped resin coasters with blue, teal and purple cell pattern and ruffled edges.</p>
<p>Handmade, one-of-a-kind resin art by We're Cured!</p>",We're Cured!,,Coasters,"Coasters, Home",FALSE,Title,Default Title,WC-3169,0,shopify,1,deny,manual,,TRUE,TRUE,https://werecured.ca/images/IMG_3169.jpeg,1,"Set of 4 flower-shaped resin coasters with blue, teal and purple cell pattern and ruffled edges",draft
peacock-blossom-set-of-4,,,,,,,,,,,,,,,,,,,https://werecured.ca/images/IMG_3170.jpeg,2,Peacock Blossom coasters studio view,
peacock-blossom-set-of-4,,,,,,,,,,,,,,,,,,,https://werecured.ca/images/IMG_3171.jpeg,3,Peacock Blossom coaster cell pattern close-up,
peacock-blossom-set-of-4,,,,,,,,,,,,,,,,,,,https://werecured.ca/images/IMG_3172.jpeg,4,Peacock Blossom coaster macro detail,
peacock-blossom-set-of-4,,,,,,,,,,,,,,,,,,,https://werecured.ca/images/IMG_3222.jpeg,5,Peacock Blossom coaster outdoor view,
peacock-blossom-set-of-4,,,,,,,,,,,,,,,,,,,https://werecured.ca/images/IMG_3223.jpeg,6,Peacock Blossom coaster held in hand outdoors,
mermaid-geode-set-of-4,Mermaid Geode Set of 4,"<p>Set of 4 round teal and green geode resin coasters with shimmer sunburst centres.</p>
<p>Handmade, one-of-a-kind resin art by We're Cured!</p>",We're Cured!,,Coasters,"Coasters, Home",FALSE,Title,Default Title,WC-3174,0,shopify,1,deny,manual,,TRUE,TRUE,https://werecured.ca/images/IMG_3174.jpeg,1,Set of 4 round teal and green geode resin coasters with shimmer sunburst centres,draft
mermaid-geode-set-of-4,,,,,,,,,,,,,,,,,,,https://werecured.ca/images/IMG_3175.jpeg,2,Mermaid Geode coasters studio view,
mermaid-geode-set-of-4,,,,,,,,,,,,,,,,,,,https://werecured.ca/images/IMG_3176.jpeg,3,Mermaid Geode coaster shimmer close-up,
mermaid-geode-set-of-4,,,,,,,,,,,,,,,,,,,https://werecured.ca/images/IMG_3177.jpeg,4,Mermaid Geode coaster macro detail,
mermaid-geode-set-of-4,,,,,,,,,,,,,,,,,,,https://werecured.ca/images/IMG_3236.jpeg,5,Mermaid Geode coaster outdoor view,
mermaid-geode-set-of-4,,,,,,,,,,,,,,,,,,,https://werecured.ca/images/IMG_3237.jpeg,6,Mermaid Geode coaster held in hand outdoors,
terracotta-geode-set-of-4,Terracotta Geode Set of 4,"<p>Set of 4 round terracotta and rust crackle geode resin coasters.</p>
<p>Handmade, one-of-a-kind resin art by We're Cured!</p>",We're Cured!,,Coasters,"Coasters, Home",FALSE,Title,Default Title,WC-3178,0,shopify,1,deny,manual,,TRUE,TRUE,https://werecured.ca/images/IMG_3178.jpeg,1,Set of 4 round terracotta and rust crackle geode resin coasters,draft
terracotta-geode-set-of-4,,,,,,,,,,,,,,,,,,,https://werecured.ca/images/IMG_3179.jpeg,2,Terracotta Geode coasters studio view,
terracotta-geode-set-of-4,,,,,,,,,,,,,,,,,,,https://werecured.ca/images/IMG_3180.jpeg,3,Terracotta Geode coaster crackle close-up,
terracotta-geode-set-of-4,,,,,,,,,,,,,,,,,,,https://werecured.ca/images/IMG_3181.jpeg,4,Terracotta Geode coaster macro detail,
terracotta-geode-set-of-4,,,,,,,,,,,,,,,,,,,https://werecured.ca/images/IMG_3230.jpeg,5,Terracotta Geode coaster outdoor view,
terracotta-geode-set-of-4,,,,,,,,,,,,,,,,,,,https://werecured.ca/images/IMG_3231.jpeg,6,Terracotta Geode coaster held in hand outdoors,
stormcloud-geode-set-of-4,Stormcloud Geode Set of 4,"<p>Set of 4 round black, grey and white geode resin coasters with silver druzy centres.</p>
<p>Handmade, one-of-a-kind resin art by We're Cured!</p>",We're Cured!,,Coasters,"Coasters, Home",FALSE,Title,Default Title,WC-3182,0,shopify,1,deny,manual,,TRUE,TRUE,https://werecured.ca/images/IMG_3182.jpeg,1,"Set of 4 round black, grey and white geode resin coasters with silver druzy centres",draft
stormcloud-geode-set-of-4,,,,,,,,,,,,,,,,,,,https://werecured.ca/images/IMG_3183.jpeg,2,Stormcloud Geode coasters studio view,
stormcloud-geode-set-of-4,,,,,,,,,,,,,,,,,,,https://werecured.ca/images/IMG_3184.jpeg,3,Stormcloud Geode coaster centre close-up,
stormcloud-geode-set-of-4,,,,,,,,,,,,,,,,,,,https://werecured.ca/images/IMG_3244.jpeg,4,Stormcloud Geode coaster outdoor view,
stormcloud-geode-set-of-4,,,,,,,,,,,,,,,,,,,https://werecured.ca/images/IMG_3245.jpeg,5,Stormcloud Geode coaster held in hand outdoors,
sunset-mandala-set-of-4,Sunset Mandala Set of 4,"<p>Set of 4 round orange, gold and magenta mandala sunburst resin coasters.</p>
<p>Handmade, one-of-a-kind resin art by We're Cured!</p>",We're Cured!,,Coasters,"Coasters, Home",FALSE,Title,Default Title,WC-3185,0,shopify,1,deny,manual,,TRUE,TRUE,https://werecured.ca/images/IMG_3185.jpeg,1,"Set of 4 round orange, gold and magenta mandala sunburst resin coasters",draft
sunset-mandala-set-of-4,,,,,,,,,,,,,,,,,,,https://werecured.ca/images/IMG_3186.jpeg,2,Sunset Mandala coasters studio view,
sunset-mandala-set-of-4,,,,,,,,,,,,,,,,,,,https://werecured.ca/images/IMG_3187.jpeg,3,Sunset Mandala coaster centre close-up,
sunset-mandala-set-of-4,,,,,,,,,,,,,,,,,,,https://werecured.ca/images/IMG_3188.jpeg,4,Sunset Mandala coaster macro detail,
sunset-mandala-set-of-4,,,,,,,,,,,,,,,,,,,https://werecured.ca/images/IMG_3228.jpeg,5,Sunset Mandala coaster outdoor view,
sunset-mandala-set-of-4,,,,,,,,,,,,,,,,,,,https://werecured.ca/images/IMG_3229.jpeg,6,Sunset Mandala coaster held in hand outdoors,
berry-marble-set-of-4,Berry Marble Set of 4,"<p>Set of 4 square magenta and purple marble cell resin coasters.</p>
<p>Handmade, one-of-a-kind resin art by We're Cured!</p>",We're Cured!,,Coasters,"Coasters, Home",FALSE,Title,Default Title,WC-3189,0,shopify,1,deny,manual,,TRUE,TRUE,https://werecured.ca/images/IMG_3189.jpeg,1,Set of 4 square magenta and purple marble cell resin coasters,draft
berry-marble-set-of-4,,,,,,,,,,,,,,,,,,,https://werecured.ca/images/IMG_3190.jpeg,2,Berry Marble coasters studio view,
berry-marble-set-of-4,,,,,,,,,,,,,,,,,,,https://werecured.ca/images/IMG_3191.jpeg,3,Berry Marble coaster cell pattern close-up,
berry-marble-set-of-4,,,,,,,,,,,,,,,,,,,https://werecured.ca/images/IMG_3192.jpeg,4,Berry Marble coaster swirl macro,
berry-marble-set-of-4,,,,,,,,,,,,,,,,,,,https://werecured.ca/images/IMG_3265.jpeg,5,Berry Marble coaster outdoor view,
berry-marble-set-of-4,,,,,,,,,,,,,,,,,,,https://werecured.ca/images/IMG_3266.jpeg,6,Berry Marble coaster held in hand outdoors,
cobalt-bloom-set-of-4,Cobalt Bloom Set of 4,"<p>Cobalt Bloom coasters studio view.</p>
<p>Handmade, one-of-a-kind resin art by We're Cured!</p>",We're Cured!,,Coasters,"Coasters, Home",FALSE,Title,Default Title,WC-3194,0,shopify,1,deny,manual,,TRUE,TRUE,https://werecured.ca/images/IMG_3194.jpeg,1,Cobalt Bloom coasters studio view,draft
cobalt-bloom-set-of-4,,,,,,,,,,,,,,,,,,,https://werecured.ca/images/IMG_3193.jpeg,2,Cobalt Bloom coasters set of four,
cobalt-bloom-set-of-4,,,,,,,,,,,,,,,,,,,https://werecured.ca/images/IMG_3195.jpeg,3,Cobalt Bloom coaster cell pattern macro,
cobalt-bloom-set-of-4,,,,,,,,,,,,,,,,,,,https://werecured.ca/images/IMG_3196.jpeg,4,Cobalt Bloom coaster veined texture close-up,
cobalt-bloom-set-of-4,,,,,,,,,,,,,,,,,,,https://werecured.ca/images/IMG_3226.jpeg,5,Cobalt Bloom coaster outdoor view,
cobalt-bloom-set-of-4,,,,,,,,,,,,,,,,,,,https://werecured.ca/images/IMG_3227.jpeg,6,Cobalt Bloom coaster held in hand outdoors,
magenta-geode-set-of-4,Magenta Geode Set of 4,"<p>Magenta Geode coasters studio view.</p>
<p>Handmade, one-of-a-kind resin art by We're Cured!</p>",We're Cured!,,Coasters,"Coasters, Home",FALSE,Title,Default Title,WC-3133,0,shopify,1,deny,manual,,TRUE,TRUE,https://werecured.ca/images/IMG_3133.jpeg,1,Magenta Geode coasters studio view,draft
magenta-geode-set-of-4,,,,,,,,,,,,,,,,,,,https://werecured.ca/images/IMG_3132.jpeg,2,Magenta Geode coasters set of four,
magenta-geode-set-of-4,,,,,,,,,,,,,,,,,,,https://werecured.ca/images/IMG_3134.jpeg,3,Magenta Geode coaster shimmer macro,
magenta-geode-set-of-4,,,,,,,,,,,,,,,,,,,https://werecured.ca/images/IMG_3135.jpeg,4,Magenta Geode coaster cell pattern close-up,
magenta-geode-set-of-4,,,,,,,,,,,,,,,,,,,https://werecured.ca/images/IMG_3257.jpeg,5,Magenta Geode coaster outdoor view,
magenta-geode-set-of-4,,,,,,,,,,,,,,,,,,,https://werecured.ca/images/IMG_3258.jpeg,6,Magenta Geode coaster held in hand outdoors,
ocean-wave-bowl,Ocean Wave Bowl,"<p>Blue resin dome art piece.</p>
<p>Handmade, one-of-a-kind resin art by We're Cured!</p>",We're Cured!,,Home Decor,"Bowls & Platters, Home Decor",FALSE,Title,Default Title,WC-1928,0,shopify,1,deny,manual,,TRUE,TRUE,https://werecured.ca/images/IMG_1928.jpg,1,Blue resin dome art piece,draft
ocean-wave-bowl,,,,,,,,,,,,,,,,,,,https://werecured.ca/images/IMG_2238.jpeg,2,Ocean wave bowl view 2,
ocean-wave-bowl,,,,,,,,,,,,,,,,,,,https://werecured.ca/images/IMG_2239.jpeg,3,Ocean wave bowl view 3,
ocean-wave-bowl,,,,,,,,,,,,,,,,,,,https://werecured.ca/images/IMG_2240.jpeg,4,Ocean wave bowl view 4,
red-geode-crystal,Red Geode Crystal,"<p>Red crystal geode art piece.</p>
<p>Handmade, one-of-a-kind resin art by We're Cured!</p>",We're Cured!,,Home Decor,"Bowls & Platters, Home Decor",FALSE,Title,Default Title,WC-1930,0,shopify,1,deny,manual,,TRUE,TRUE,https://werecured.ca/images/IMG_1930.jpg,1,Red crystal geode art piece,draft
red-geode-crystal,,,,,,,,,,,,,,,,,,,https://werecured.ca/images/IMG_2231.jpeg,2,Red geode crystal view 2,
red-geode-crystal,,,,,,,,,,,,,,,,,,,https://werecured.ca/images/IMG_2232.jpeg,3,Red geode crystal view 3,
red-geode-crystal,,,,,,,,,,,,,,,,,,,https://werecured.ca/images/IMG_2233.jpeg,4,Red geode crystal view 4,
glacier-wave-bowl,Glacier Wave Bowl,"<p>Blue purple resin dome art piece.</p>
<p>Handmade, one-of-a-kind resin art by We're Cured!</p>",We're Cured!,,Home Decor,"Bowls & Platters, Home Decor",FALSE,Title,Default Title,WC-1935,0,shopify,1,deny,manual,,TRUE,TRUE,https://werecured.ca/images/IMG_1935.jpg,1,Blue purple resin dome art piece,draft
glacier-wave-bowl,,,,,,,,,,,,,,,,,,,https://werecured.ca/images/IMG_2241.jpeg,2,Glacier wave bowl view 2,
glacier-wave-bowl,,,,,,,,,,,,,,,,,,,https://werecured.ca/images/IMG_2242.jpeg,3,Glacier wave bowl view 3,
glacier-wave-bowl,,,,,,,,,,,,,,,,,,,https://werecured.ca/images/IMG_2243.jpeg,4,Glacier wave bowl view 4,
glacier-wave-bowl,,,,,,,,,,,,,,,,,,,https://werecured.ca/images/IMG_2244.jpeg,5,Glacier wave bowl view 5,
molten-lava-bowl,Molten Lava Bowl,"<p>Orange red yellow geode art piece.</p>
<p>Handmade, one-of-a-kind resin art by We're Cured!</p>",We're Cured!,,Home Decor,"Bowls & Platters, Home Decor",FALSE,Title,Default Title,WC-1936,0,shopify,1,deny,manual,,TRUE,TRUE,https://werecured.ca/images/IMG_1936.jpg,1,Orange red yellow geode art piece,draft
molten-lava-bowl,,,,,,,,,,,,,,,,,,,https://werecured.ca/images/IMG_2234.jpeg,2,Molten lava bowl view 2,
molten-lava-bowl,,,,,,,,,,,,,,,,,,,https://werecured.ca/images/IMG_2235.jpeg,3,Molten lava bowl view 3,
molten-lava-bowl,,,,,,,,,,,,,,,,,,,https://werecured.ca/images/IMG_2236.jpeg,4,Molten lava bowl view 4,
molten-lava-bowl,,,,,,,,,,,,,,,,,,,https://werecured.ca/images/IMG_2237.jpeg,5,Molten lava bowl view 5,
flame-ruffled-bowl,Flame Ruffled Bowl,"<p>Red orange ruffled resin bowl.</p>
<p>Handmade, one-of-a-kind resin art by We're Cured!</p>",We're Cured!,,Home Decor,"Bowls & Platters, Home Decor",FALSE,Title,Default Title,WC-1979,0,shopify,1,deny,manual,,TRUE,TRUE,https://werecured.ca/images/IMG_1979.jpeg,1,Red orange ruffled resin bowl,draft
flame-ruffled-bowl,,,,,,,,,,,,,,,,,,,https://werecured.ca/images/IMG_1980.jpeg,2,Red orange ruffled bowl with candle,
flame-ruffled-bowl,,,,,,,,,,,,,,,,,,,https://werecured.ca/images/IMG_2245.jpeg,3,Flame ruffled bowl view 3,
flame-ruffled-bowl,,,,,,,,,,,,,,,,,,,https://werecured.ca/images/IMG_2246.jpeg,4,Flame ruffled bowl view 4,
flame-ruffled-bowl,,,,,,,,,,,,,,,,,,,https://werecured.ca/images/IMG_2247.jpeg,5,Flame ruffled bowl view 5,
sandy-shore-bowl,Sandy Shore Bowl,"<p>Sandy Shore Bowl — blue resin bowl with sand and shells on rim.</p>
<p>Handmade, one-of-a-kind resin art by We're Cured!</p>",We're Cured!,,Home Decor,"Bowls & Platters, Home Decor",FALSE,Title,Default Title,WC-2968,0,shopify,1,deny,manual,,TRUE,TRUE,https://werecured.ca/images/IMG_2968.jpeg,1,Sandy Shore Bowl — blue resin bowl with sand and shells on rim,draft
sandy-shore-bowl,,,,,,,,,,,,,,,,,,,https://werecured.ca/images/IMG_2970.jpeg,2,Sandy Shore Bowl inside view,
sandy-shore-bowl,,,,,,,,,,,,,,,,,,,https://werecured.ca/images/IMG_3204.jpeg,3,Sandy Shore Bowl outdoor photo,
balloon-bowl,Balloon Bowl,"<p>Balloon Bowl — purple resin bowl with orange interior.</p>
<p>Handmade, one-of-a-kind resin art by We're Cured!</p>",We're Cured!,,Home Decor,"Bowls & Platters, Home Decor",FALSE,Title,Default Title,WC-2971,0,shopify,1,deny,manual,,TRUE,TRUE,https://werecured.ca/images/IMG_2971.jpeg,1,Balloon Bowl — purple resin bowl with orange interior,draft
balloon-bowl,,,,,,,,,,,,,,,,,,,https://werecured.ca/images/IMG_2972.jpeg,2,Balloon Bowl inside view,
balloon-bowl,,,,,,,,,,,,,,,,,,,https://werecured.ca/images/IMG_2973.jpeg,3,Balloon Bowl side angle,
balloon-bowl,,,,,,,,,,,,,,,,,,,https://werecured.ca/images/IMG_3205.jpeg,4,Balloon Bowl outdoor photo,
balloon-bowl,,,,,,,,,,,,,,,,,,,https://werecured.ca/images/IMG_3206.jpeg,5,Balloon Bowl outdoor angled view,
bubble-wrap-bowl,Bubble Wrap Bowl,"<p>Bubble Wrap Bowl — light blue ruffled resin bowl with bubble texture.</p>
<p>Handmade, one-of-a-kind resin art by We're Cured!</p>",We're Cured!,,Home Decor,"Bowls & Platters, Home Decor",FALSE,Title,Default Title,WC-2995,0,shopify,1,deny,manual,,TRUE,TRUE,https://werecured.ca/images/IMG_2995.jpeg,1,Bubble Wrap Bowl — light blue ruffled resin bowl with bubble texture,draft
bubble-wrap-bowl,,,,,,,,,,,,,,,,,,,https://werecured.ca/images/IMG_2996.jpeg,2,Bubble Wrap Bowl inside view,
bubble-wrap-bowl,,,,,,,,,,,,,,,,,,,https://werecured.ca/images/IMG_2997.jpeg,3,Bubble Wrap Bowl front view,
bubble-wrap-bowl,,,,,,,,,,,,,,,,,,,https://werecured.ca/images/IMG_2998.jpeg,4,Bubble Wrap Bowl top view,
bubble-wrap-bowl,,,,,,,,,,,,,,,,,,,https://werecured.ca/images/IMG_2999.jpeg,5,Bubble Wrap Bowl texture closeup,
bubble-wrap-bowl,,,,,,,,,,,,,,,,,,,https://werecured.ca/images/IMG_3201.jpeg,6,Bubble Wrap Bowl outdoor photo,
bubble-wrap-bowl,,,,,,,,,,,,,,,,,,,https://werecured.ca/images/IMG_3202.jpeg,7,Bubble Wrap Bowl outdoor view 2,
bubble-wrap-bowl,,,,,,,,,,,,,,,,,,,https://werecured.ca/images/IMG_3203.jpeg,8,Bubble Wrap Bowl outdoor view 3,
aurora-bowl,Aurora Bowl,"<p>Aurora Bowl — iridescent ruffled resin bowl with holographic shimmer.</p>
<p>Handmade, one-of-a-kind resin art by We're Cured!</p>",We're Cured!,,Home Decor,"Bowls & Platters, Home Decor",FALSE,Title,Default Title,WC-3001,0,shopify,1,deny,manual,,TRUE,TRUE,https://werecured.ca/images/IMG_3001.jpeg,1,Aurora Bowl — iridescent ruffled resin bowl with holographic shimmer,draft
aurora-bowl,,,,,,,,,,,,,,,,,,,https://werecured.ca/images/IMG_3002.jpeg,2,Aurora Bowl view 2,
aurora-bowl,,,,,,,,,,,,,,,,,,,https://werecured.ca/images/IMG_3003.jpeg,3,Aurora Bowl view 3,
aurora-bowl,,,,,,,,,,,,,,,,,,,https://werecured.ca/images/IMG_3004.jpeg,4,Aurora Bowl dark background,
aurora-bowl,,,,,,,,,,,,,,,,,,,https://werecured.ca/images/IMG_3005.jpeg,5,Aurora Bowl dark background view 2,
aurora-bowl,,,,,,,,,,,,,,,,,,,https://werecured.ca/images/IMG_3006.jpeg,6,Aurora Bowl dark background view 3,
aurora-bowl,,,,,,,,,,,,,,,,,,,https://werecured.ca/images/IMG_3007.jpeg,7,Aurora Bowl dark background view 4,
aurora-bowl,,,,,,,,,,,,,,,,,,,https://werecured.ca/images/IMG_3197.jpeg,8,Aurora Bowl outdoor photo,
aurora-bowl,,,,,,,,,,,,,,,,,,,https://werecured.ca/images/IMG_3198.jpeg,9,Aurora Bowl outdoor view 2,
kaleidoscope-bowl,Kaleidoscope Bowl,"<p>Kaleidoscope Bowl — multicolored ruffled resin bowl with crystal edges.</p>
<p>Handmade, one-of-a-kind resin art by We're Cured!</p>",We're Cured!,,Home Decor,"Bowls & Platters, Home Decor",FALSE,Title,Default Title,WC-3011,0,shopify,1,deny,manual,,TRUE,TRUE,https://werecured.ca/images/IMG_3011.jpeg,1,Kaleidoscope Bowl — multicolored ruffled resin bowl with crystal edges,draft
kaleidoscope-bowl,,,,,,,,,,,,,,,,,,,https://werecured.ca/images/IMG_3008.jpeg,2,Kaleidoscope Bowl dark background,
kaleidoscope-bowl,,,,,,,,,,,,,,,,,,,https://werecured.ca/images/IMG_3009.jpeg,3,Kaleidoscope Bowl dark background view 2,
kaleidoscope-bowl,,,,,,,,,,,,,,,,,,,https://werecured.ca/images/IMG_3010.jpeg,4,Kaleidoscope Bowl dark background view 3,
kaleidoscope-bowl,,,,,,,,,,,,,,,,,,,https://werecured.ca/images/IMG_3199.jpeg,5,Kaleidoscope Bowl outdoor photo,
kaleidoscope-bowl,,,,,,,,,,,,,,,,,,,https://werecured.ca/images/IMG_3200.jpeg,6,Kaleidoscope Bowl outdoor view 2,
coral-reef-platter,Coral Reef Platter,"<p>Coral Reef Platter — round teal resin platter with crackle texture.</p>
<p>Handmade, one-of-a-kind resin art by We're Cured!</p>",We're Cured!,,Home Decor,"Bowls & Platters, Home Decor",FALSE,Title,Default Title,WC-3012,0,shopify,1,deny,manual,,TRUE,TRUE,https://werecured.ca/images/IMG_3012.jpeg,1,Coral Reef Platter — round teal resin platter with crackle texture,draft
coral-reef-platter,,,,,,,,,,,,,,,,,,,https://werecured.ca/images/IMG_3013.jpeg,2,Coral Reef Platter view 2,
coral-reef-platter,,,,,,,,,,,,,,,,,,,https://werecured.ca/images/IMG_3014.jpeg,3,Coral Reef Platter texture closeup,
coral-reef-platter,,,,,,,,,,,,,,,,,,,https://werecured.ca/images/IMG_3209.jpeg,4,Coral Reef Platter outdoor photo,
coral-reef-platter,,,,,,,,,,,,,,,,,,,https://werecured.ca/images/IMG_3210.jpeg,5,Coral Reef Platter outdoor with hand for scale,
coral-reef-platter,,,,,,,,,,,,,,,,,,,https://werecured.ca/images/IMG_3275.jpeg,6,Coral Reef Platter outdoor view 2,
wild-rose-platter,Wild Rose Platter,"<p>Wild Rose Platter — round pink starburst resin platter with crystal centre.</p>
<p>Handmade, one-of-a-kind resin art by We're Cured!</p>",We're Cured!,,Home Decor,"Bowls & Platters, Home Decor",FALSE,Title,Default Title,WC-3015,0,shopify,1,deny,manual,,TRUE,TRUE,https://werecured.ca/images/IMG_3015.jpeg,1,Wild Rose Platter — round pink starburst resin platter with crystal centre,draft
wild-rose-platter,,,,,,,,,,,,,,,,,,,https://werecured.ca/images/IMG_3016.jpeg,2,Wild Rose Platter view 2,
wild-rose-platter,,,,,,,,,,,,,,,,,,,https://werecured.ca/images/IMG_3017.jpeg,3,Wild Rose Platter edge closeup,
wild-rose-platter,,,,,,,,,,,,,,,,,,,https://werecured.ca/images/IMG_3278.jpeg,4,Wild Rose Platter outdoor photo,
wild-rose-platter,,,,,,,,,,,,,,,,,,,https://werecured.ca/images/IMG_3279.jpeg,5,Wild Rose Platter outdoor edge detail,
wild-rose-platter,,,,,,,,,,,,,,,,,,,https://werecured.ca/images/IMG_3280.jpeg,6,Wild Rose Platter outdoor view 3,
wild-rose-platter,,,,,,,,,,,,,,,,,,,https://werecured.ca/images/IMG_3277.jpeg,7,Wild Rose Platter on glass table,
midnight-forest-tray,Midnight Forest Tray,"<p>Midnight Forest Tray — deep blue resin rectangular tray with silver twig handles.</p>
<p>Handmade, one-of-a-kind resin art by We're Cured!</p>",We're Cured!,,Home Decor,"Bowls & Platters, Home Decor",FALSE,Title,Default Title,WC-3018,0,shopify,1,deny,manual,,TRUE,TRUE,https://werecured.ca/images/IMG_3018.jpeg,1,Midnight Forest Tray — deep blue resin rectangular tray with silver twig handles,draft
midnight-forest-tray,,,,,,,,,,,,,,,,,,,https://werecured.ca/images/IMG_3019.jpeg,2,Midnight Forest Tray view 2,
midnight-forest-tray,,,,,,,,,,,,,,,,,,,https://werecured.ca/images/IMG_3021.jpeg,3,Midnight Forest Tray handle closeup,
midnight-forest-tray,,,,,,,,,,,,,,,,,,,https://werecured.ca/images/IMG_3207.jpeg,4,Midnight Forest Tray outdoor photo,
sunstone-platter,Sunstone Platter,"<p>Sunstone Platter — oval resin platter with copper and blue crackle pattern.</p>
<p>Handmade, one-of-a-kind resin art by We're Cured!</p>",We're Cured!,,Home Decor,"Bowls & Platters, Home Decor",FALSE,Title,Default Title,WC-3022,0,shopify,1,deny,manual,,TRUE,TRUE,https://werecured.ca/images/IMG_3022.jpeg,1,Sunstone Platter — oval resin platter with copper and blue crackle pattern,draft
sunstone-platter,,,,,,,,,,,,,,,,,,,https://werecured.ca/images/IMG_3023.jpeg,2,Sunstone Platter view 2,
sunstone-platter,,,,,,,,,,,,,,,,,,,https://werecured.ca/images/IMG_3024.jpeg,3,Sunstone Platter texture closeup,
sunstone-platter,,,,,,,,,,,,,,,,,,,https://werecured.ca/images/IMG_3208.jpeg,4,Sunstone Platter outdoor photo,
chrysanthemum-plate,Chrysanthemum Plate,"<p>Chrysanthemum Plate — clear resin plate with embedded yellow chrysanthemum flower.</p>
<p>Handmade, one-of-a-kind resin art by We're Cured!</p>",We're Cured!,,Home Decor,"Bowls & Platters, Home Decor",FALSE,Title,Default Title,WC-3025,0,shopify,1,deny,manual,,TRUE,TRUE,https://werecured.ca/images/IMG_3025.jpeg,1,Chrysanthemum Plate — clear resin plate with embedded yellow chrysanthemum flower,draft
chrysanthemum-plate,,,,,,,,,,,,,,,,,,,https://werecured.ca/images/IMG_3026.jpeg,2,Chrysanthemum Plate view 2,
chrysanthemum-plate,,,,,,,,,,,,,,,,,,,https://werecured.ca/images/IMG_3027.jpeg,3,Chrysanthemum Plate view 3,
chrysanthemum-plate,,,,,,,,,,,,,,,,,,,https://werecured.ca/images/IMG_3028.jpeg,4,Chrysanthemum Plate flower closeup,
chrysanthemum-plate,,,,,,,,,,,,,,,,,,,https://werecured.ca/images/IMG_3276.jpeg,5,Chrysanthemum Plate outdoor photo,
lavender-dream-tray,Lavender Dream Tray,"<p>Lavender Dream Tray — white-rimmed resin tray with purple iris and crystal detail.</p>
<p>Handmade, one-of-a-kind resin art by We're Cured!</p>",We're Cured!,,Home Decor,"Bowls & Platters, Home Decor",FALSE,Title,Default Title,WC-3273,0,shopify,1,deny,manual,,TRUE,TRUE,https://werecured.ca/images/IMG_3273.jpeg,1,Lavender Dream Tray — white-rimmed resin tray with purple iris and crystal detail,draft
lavender-dream-tray,,,,,,,,,,,,,,,,,,,https://werecured.ca/images/IMG_3274.jpeg,2,Lavender Dream Tray view 2,
northern-lights-bowl-set,Northern Lights Bowl Set,"<p>Northern Lights Bowl Set — pair of small resin bowls in teal and purple.</p>
<p>Handmade, one-of-a-kind resin art by We're Cured!</p>",We're Cured!,,Home Decor,"Bowls & Platters, Home Decor",FALSE,Title,Default Title,WC-3029,0,shopify,1,deny,manual,,TRUE,TRUE,https://werecured.ca/images/IMG_3029.jpeg,1,Northern Lights Bowl Set — pair of small resin bowls in teal and purple,draft
northern-lights-bowl-set,,,,,,,,,,,,,,,,,,,https://werecured.ca/images/IMG_3031.jpeg,2,Northern Lights Bowl Set view 2,
northern-lights-bowl-set,,,,,,,,,,,,,,,,,,,https://werecured.ca/images/IMG_3283.jpeg,3,Northern Lights Bowl Set view 3,
northern-lights-bowl-set,,,,,,,,,,,,,,,,,,,https://werecured.ca/images/IMG_3281.jpeg,4,Northern Lights Bowl outdoor photo,
northern-lights-bowl-set,,,,,,,,,,,,,,,,,,,https://werecured.ca/images/IMG_3282.jpeg,5,Northern Lights Bowl held in hand outdoors,
air-plant-hands,Air Plant Hands,"<p>Air Plant Hands — silver pearl resin cupped hands holding an air plant.</p>
<p>Handmade, one-of-a-kind resin art by We're Cured!</p>",We're Cured!,,Home Decor,"Decorative Accents, Home Decor",FALSE,Title,Default Title,WC-2974,0,shopify,1,deny,manual,,TRUE,TRUE,https://werecured.ca/images/IMG_2974.jpeg,1,Air Plant Hands — silver pearl resin cupped hands holding an air plant,draft
air-plant-hands,,,,,,,,,,,,,,,,,,,https://werecured.ca/images/IMG_2975.jpeg,2,Air Plant Hands view 2,
air-plant-hands,,,,,,,,,,,,,,,,,,,https://werecured.ca/images/IMG_2976.jpeg,3,Air Plant Hands top view,
air-plant-hands,,,,,,,,,,,,,,,,,,,https://werecured.ca/images/IMG_2977.jpeg,4,Air Plant Hands closeup,
air-plant-hands,,,,,,,,,,,,,,,,,,,https://werecured.ca/images/IMG_3211.jpeg,5,Air Plant Hands outdoor photo,
rose-garden-hands,Rose Garden Hands,"<p>Rose Garden Hands — pink gold shimmer resin hands holding dried roses.</p>
<p>Handmade, one-of-a-kind resin art by We're Cured!</p>",We're Cured!,,Home Decor,"Decorative Accents, Home Decor",FALSE,Title,Default Title,WC-2978,0,shopify,1,deny,manual,,TRUE,TRUE,https://werecured.ca/images/IMG_2978.jpeg,1,Rose Garden Hands — pink gold shimmer resin hands holding dried roses,draft
rose-garden-hands,,,,,,,,,,,,,,,,,,,https://werecured.ca/images/IMG_2979.jpeg,2,Rose Garden Hands side view,
rose-garden-hands,,,,,,,,,,,,,,,,,,,https://werecured.ca/images/IMG_2980.jpeg,3,Rose Garden Hands front view,
rose-garden-hands,,,,,,,,,,,,,,,,,,,https://werecured.ca/images/IMG_2981.jpeg,4,Rose Garden Hands closeup,
rose-garden-hands,,,,,,,,,,,,,,,,,,,https://werecured.ca/images/IMG_3212.jpeg,5,Rose Garden Hands outdoor photo,
candy-hands,Candy Hands,"<p>Candy Hands — blue transparent resin hands holding M&amp;Ms.</p>
<p>Handmade, one-of-a-kind resin art by We're Cured!</p>",We're Cured!,,Home Decor,"Decorative Accents, Home Decor",FALSE,Title,Default Title,WC-2982,0,shopify,1,deny,manual,,TRUE,TRUE,https://werecured.ca/images/IMG_2982.jpeg,1,Candy Hands — blue transparent resin hands holding M&amp;Ms,draft
candy-hands,,,,,,,,,,,,,,,,,,,https://werecured.ca/images/IMG_2983.jpeg,2,Candy Hands front view,
candy-hands,,,,,,,,,,,,,,,,,,,https://werecured.ca/images/IMG_2984.jpeg,3,Candy Hands side view,
candy-hands,,,,,,,,,,,,,,,,,,,https://werecured.ca/images/IMG_3213.jpeg,4,Candy Hands outdoor photo,
moonbeam-hands,Moonbeam Hands,"<p>Moonbeam Hands — iridescent aqua clear resin cupped hands.</p>
<p>Handmade, one-of-a-kind resin art by We're Cured!</p>",We're Cured!,,Home Decor,"Decorative Accents, Home Decor",FALSE,Title,Default Title,WC-2985,0,shopify,1,deny,manual,,TRUE,TRUE,https://werecured.ca/images/IMG_2985.jpeg,1,Moonbeam Hands — iridescent aqua clear resin cupped hands,draft
moonbeam-hands,,,,,,,,,,,,,,,,,,,https://werecured.ca/images/IMG_2986.jpeg,2,Moonbeam Hands front view,
moonbeam-hands,,,,,,,,,,,,,,,,,,,https://werecured.ca/images/IMG_2987.jpeg,3,Moonbeam Hands with flowers,
moonbeam-hands,,,,,,,,,,,,,,,,,,,https://werecured.ca/images/IMG_2988.jpeg,4,Moonbeam Hands with flowers view 2,
moonbeam-hands,,,,,,,,,,,,,,,,,,,https://werecured.ca/images/IMG_2989.jpeg,5,Moonbeam Hands dark background,
moonbeam-hands,,,,,,,,,,,,,,,,,,,https://werecured.ca/images/IMG_2990.jpeg,6,Moonbeam Hands dark background view 2,
moonbeam-hands,,,,,,,,,,,,,,,,,,,https://werecured.ca/images/IMG_3214.jpeg,7,Moonbeam Hands outdoor photo,
m-amp-m-hands,M&amp;M Hands,"<p>M&amp;M Hands — resin cupped hands completely embedded with M&amp;M candies.</p>
<p>Handmade, one-of-a-kind resin art by We're Cured!</p>",We're Cured!,,Home Decor,"Decorative Accents, Home Decor",FALSE,Title,Default Title,WC-2991,0,shopify,1,deny,manual,,TRUE,TRUE,https://werecured.ca/images/IMG_2991.jpeg,1,M&amp;M Hands — resin cupped hands completely embedded with M&amp;M candies,draft
m-amp-m-hands,,,,,,,,,,,,,,,,,,,https://werecured.ca/images/IMG_2992.jpeg,2,M&amp;M Hands top view,
m-amp-m-hands,,,,,,,,,,,,,,,,,,,https://werecured.ca/images/IMG_2993.jpeg,3,M&amp;M Hands front view,
m-amp-m-hands,,,,,,,,,,,,,,,,,,,https://werecured.ca/images/IMG_3215.jpeg,4,M&amp;M Hands outdoor photo,
m-amp-m-hands,,,,,,,,,,,,,,,,,,,https://werecured.ca/images/IMG_2994.jpeg,5,M&amp;M Hands top view with M&amp;Ms,
